sequence,request_id,tenant_hash,model_digest,adapter_digest,policy_digest,retrieval_trace_id,decision,outcome,shadow,user_visible_mutation,event_hash
1,auth-missing,id@435369230249719003,model@2367994276643219537,adapter@stage11-native-byte,policy@stage10-v1,,abstain,authz_denied,0,0,13022751717014167748
2,auth-expired,id@435369230249719003,model@2367994276643219537,adapter@stage11-native-byte,policy@stage10-v1,,abstain,authz_denied,0,0,778211153567278886
3,auth-scope,id@435369230249719003,model@2367994276643219537,adapter@stage11-native-byte,policy@stage10-v1,,abstain,authz_denied,0,0,17462172476617154525
4,auth-cross,id@435369230249719003,model@2367994276643219537,adapter@stage11-native-byte,policy@stage10-v1,,abstain,authz_denied,0,0,12755176279467993787
5,quota-queue,id@435369230249719003,model@2367994276643219537,adapter@stage11-native-byte,policy@stage10-v1,,abstain,backpressure,0,0,15520366864601015181
6,quota-tokens,id@435369230249719003,model@2367994276643219537,adapter@stage11-native-byte,policy@stage10-v1,,abstain,quota_denied,0,0,6222536121783391652
7,quota-timeout,id@435369230249719003,model@2367994276643219537,adapter@stage11-native-byte,policy@stage10-v1,,abstain,quota_denied,0,0,11953017613069996629
8,secret-canary,id@435369230249719003,model@2367994276643219537,adapter@stage11-native-byte,policy@stage10-v1,retrieval@10766419053976626730,abstain,accepted,0,0,14895961419200895948
9,audit-accepted,id@435369230249719003,model@2367994276643219537,adapter@stage11-native-byte,policy@stage10-v1,retrieval@7424565705473690850,answer,accepted,0,0,8494308322154822014
10,load-0,id@435369230249719003,model@2367994276643219537,adapter@stage11-native-byte,policy@stage10-v1,retrieval@14320823665176235557,answer,accepted,0,0,2838075629824028209
11,load-1,id@435368130738090792,model@2367994276643219537,adapter@stage11-native-byte,policy@stage10-v1,retrieval@2713937638745444384,answer,accepted,0,0,6038795712755976492
12,load-2,id@435369230249719003,model@2367994276643219537,adapter@stage11-native-byte,policy@stage10-v1,retrieval@18193506507453969660,answer,accepted,0,0,2402669149490531152
13,load-3,id@435368130738090792,model@2367994276643219537,adapter@stage11-native-byte,policy@stage10-v1,retrieval@17030403711677988315,answer,accepted,0,0,4298621838987618601
14,load-4,id@435369230249719003,model@2367994276643219537,adapter@stage11-native-byte,policy@stage10-v1,retrieval@7375719199530071322,answer,accepted,0,0,16041667327693346670
15,load-5,id@435368130738090792,model@2367994276643219537,adapter@stage11-native-byte,policy@stage10-v1,retrieval@15378105794346245261,answer,accepted,0,0,12549316777902483971
16,load-6,id@435369230249719003,model@2367994276643219537,adapter@stage11-native-byte,policy@stage10-v1,retrieval@15277857541452389115,answer,accepted,0,0,4841470478278181479
17,load-7,id@435368130738090792,model@2367994276643219537,adapter@stage11-native-byte,policy@stage10-v1,retrieval@16870404602723438814,answer,accepted,0,0,6406373196327973245
18,load-8,id@435369230249719003,model@2367994276643219537,adapter@stage11-native-byte,policy@stage10-v1,retrieval@14512173731610604077,answer,accepted,0,0,15049679191838579635
19,load-9,id@435368130738090792,model@2367994276643219537,adapter@stage11-native-byte,policy@stage10-v1,retrieval@13466801655478549243,answer,accepted,0,0,5510394478241749154
20,load-10,id@435369230249719003,model@2367994276643219537,adapter@stage11-native-byte,policy@stage10-v1,retrieval@16006703244243978790,answer,accepted,0,0,9090329444867145292
21,load-11,id@435368130738090792,model@2367994276643219537,adapter@stage11-native-byte,policy@stage10-v1,retrieval@3286245546881334310,answer,accepted,0,0,2396212731988512553
22,load-12,id@435369230249719003,model@2367994276643219537,adapter@stage11-native-byte,policy@stage10-v1,retrieval@18386371742584797633,answer,accepted,0,0,15521336976224965097
23,load-13,id@435368130738090792,model@2367994276643219537,adapter@stage11-native-byte,policy@stage10-v1,retrieval@10297099818868877112,answer,accepted,0,0,10689750911241688577
24,load-14,id@435369230249719003,model@2367994276643219537,adapter@stage11-native-byte,policy@stage10-v1,retrieval@10137014806459508708,answer,accepted,0,0,16908214565973447326
25,load-15,id@435368130738090792,model@2367994276643219537,adapter@stage11-native-byte,policy@stage10-v1,retrieval@14982805639562544921,answer,accepted,0,0,13708925835089678554
26,load-16,id@435369230249719003,model@2367994276643219537,adapter@stage11-native-byte,policy@stage10-v1,retrieval@2352916813988934351,answer,accepted,0,0,11162160873172927759
27,load-17,id@435368130738090792,model@2367994276643219537,adapter@stage11-native-byte,policy@stage10-v1,retrieval@8409821837888035346,answer,accepted,0,0,6790753148412579649
28,load-18,id@435369230249719003,model@2367994276643219537,adapter@stage11-native-byte,policy@stage10-v1,retrieval@6970972279351809761,answer,accepted,0,0,4040591392080448554
29,load-19,id@435368130738090792,model@2367994276643219537,adapter@stage11-native-byte,policy@stage10-v1,retrieval@12734291770462535388,answer,accepted,0,0,17996469635802974764
30,load-20,id@435369230249719003,model@2367994276643219537,adapter@stage11-native-byte,policy@stage10-v1,retrieval@12831990673876597537,answer,accepted,0,0,6025546464320502855
31,load-21,id@435368130738090792,model@2367994276643219537,adapter@stage11-native-byte,policy@stage10-v1,retrieval@16900797628243455481,answer,accepted,0,0,17123001290016561476
32,load-22,id@435369230249719003,model@2367994276643219537,adapter@stage11-native-byte,policy@stage10-v1,retrieval@2340170306258759181,answer,accepted,0,0,4702028151651568249
33,load-23,id@435368130738090792,model@2367994276643219537,adapter@stage11-native-byte,policy@stage10-v1,retrieval@11680259422338660294,answer,accepted,0,0,4479578023063071908
34,load-24,id@435369230249719003,model@2367994276643219537,adapter@stage11-native-byte,policy@stage10-v1,retrieval@5701879283691233106,answer,accepted,0,0,6848679374552768586
35,load-25,id@435368130738090792,model@2367994276643219537,adapter@stage11-native-byte,policy@stage10-v1,retrieval@2478558056163996155,answer,accepted,0,0,17177296216246999508
36,load-26,id@435369230249719003,model@2367994276643219537,adapter@stage11-native-byte,policy@stage10-v1,retrieval@1645577839234447063,answer,accepted,0,0,3063864501601964435
37,load-27,id@435368130738090792,model@2367994276643219537,adapter@stage11-native-byte,policy@stage10-v1,retrieval@4196548857632764222,answer,accepted,0,0,7330814804637175524
38,load-28,id@435369230249719003,model@2367994276643219537,adapter@stage11-native-byte,policy@stage10-v1,retrieval@11038737038001496182,answer,accepted,0,0,16931506661323891050
39,load-29,id@435368130738090792,model@2367994276643219537,adapter@stage11-native-byte,policy@stage10-v1,retrieval@6428271995354521879,answer,accepted,0,0,9382070305672308359
40,load-30,id@435369230249719003,model@2367994276643219537,adapter@stage11-native-byte,policy@stage10-v1,retrieval@9428778604672973916,answer,accepted,0,0,14875968679821622753
41,load-31,id@435368130738090792,model@2367994276643219537,adapter@stage11-native-byte,policy@stage10-v1,retrieval@2658377190885558798,answer,accepted,0,0,15000255114757603836
42,load-32,id@435369230249719003,model@2367994276643219537,adapter@stage11-native-byte,policy@stage10-v1,retrieval@11743292567871088700,answer,accepted,0,0,7624362787766351999
43,load-33,id@435368130738090792,model@2367994276643219537,adapter@stage11-native-byte,policy@stage10-v1,retrieval@8233697949701436299,answer,accepted,0,0,11478014468808095307
44,load-34,id@435369230249719003,model@2367994276643219537,adapter@stage11-native-byte,policy@stage10-v1,retrieval@12516354897085770469,answer,accepted,0,0,7509875347734750073
45,load-35,id@435368130738090792,model@2367994276643219537,adapter@stage11-native-byte,policy@stage10-v1,retrieval@14691945671927658056,answer,accepted,0,0,3317711021046024813
46,load-36,id@435369230249719003,model@2367994276643219537,adapter@stage11-native-byte,policy@stage10-v1,retrieval@17434017743281177582,answer,accepted,0,0,14045999766699096789
47,load-37,id@435368130738090792,model@2367994276643219537,adapter@stage11-native-byte,policy@stage10-v1,retrieval@13563103407752678449,answer,accepted,0,0,11104912447456577286
48,load-38,id@435369230249719003,model@2367994276643219537,adapter@stage11-native-byte,policy@stage10-v1,retrieval@15147833288554229420,answer,accepted,0,0,4084263750809608688
49,load-39,id@435368130738090792,model@2367994276643219537,adapter@stage11-native-byte,policy@stage10-v1,retrieval@42696328694846863,answer,accepted,0,0,5255121156728662233
50,load-40,id@435369230249719003,model@2367994276643219537,adapter@stage11-native-byte,policy@stage10-v1,retrieval@3019003155660543773,answer,accepted,0,0,10014081345626785638
51,load-41,id@435368130738090792,model@2367994276643219537,adapter@stage11-native-byte,policy@stage10-v1,retrieval@4472369191938097117,answer,accepted,0,0,3290438279112323217
52,load-42,id@435369230249719003,model@2367994276643219537,adapter@stage11-native-byte,policy@stage10-v1,retrieval@8738869118754987184,answer,accepted,0,0,4082324731624353567
53,load-43,id@435368130738090792,model@2367994276643219537,adapter@stage11-native-byte,policy@stage10-v1,retrieval@17143096216153996445,answer,accepted,0,0,13187386696653864788
54,load-44,id@435369230249719003,model@2367994276643219537,adapter@stage11-native-byte,policy@stage10-v1,retrieval@7202838433226025707,answer,accepted,0,0,2744815993973363705
55,load-45,id@435368130738090792,model@2367994276643219537,adapter@stage11-native-byte,policy@stage10-v1,retrieval@10751562947169030041,answer,accepted,0,0,8544577611854341731
56,load-46,id@435369230249719003,model@2367994276643219537,adapter@stage11-native-byte,policy@stage10-v1,retrieval@11580370646976814504,answer,accepted,0,0,14084348420246539317
57,load-47,id@435368130738090792,model@2367994276643219537,adapter@stage11-native-byte,policy@stage10-v1,retrieval@16022317909610507201,answer,accepted,0,0,6588856253490273360
58,load-48,id@435369230249719003,model@2367994276643219537,adapter@stage11-native-byte,policy@stage10-v1,retrieval@11670999831366492683,answer,accepted,0,0,2073751813129852290
59,load-49,id@435368130738090792,model@2367994276643219537,adapter@stage11-native-byte,policy@stage10-v1,retrieval@13778903758380570765,answer,accepted,0,0,4261705020100682151
60,load-50,id@435369230249719003,model@2367994276643219537,adapter@stage11-native-byte,policy@stage10-v1,retrieval@4209746346146074668,answer,accepted,0,0,14469948551847773321
61,load-51,id@435368130738090792,model@2367994276643219537,adapter@stage11-native-byte,policy@stage10-v1,retrieval@8539215344659725651,answer,accepted,0,0,6741080392818457846
62,load-52,id@435369230249719003,model@2367994276643219537,adapter@stage11-native-byte,policy@stage10-v1,retrieval@3349384172199215975,answer,accepted,0,0,4922272344724176066
63,load-53,id@435368130738090792,model@2367994276643219537,adapter@stage11-native-byte,policy@stage10-v1,retrieval@14259741110972476495,answer,accepted,0,0,12449732526760685326
64,load-54,id@435369230249719003,model@2367994276643219537,adapter@stage11-native-byte,policy@stage10-v1,retrieval@13090179537815477823,answer,accepted,0,0,16719559135624813701
65,load-55,id@435368130738090792,model@2367994276643219537,adapter@stage11-native-byte,policy@stage10-v1,retrieval@12917806473669156517,answer,accepted,0,0,9431443906250090486
66,load-56,id@435369230249719003,model@2367994276643219537,adapter@stage11-native-byte,policy@stage10-v1,retrieval@18118648997819501307,answer,accepted,0,0,5764818848009498662
67,load-57,id@435368130738090792,model@2367994276643219537,adapter@stage11-native-byte,policy@stage10-v1,retrieval@9560669818036982281,answer,accepted,0,0,13392072122254456163
68,load-58,id@435369230249719003,model@2367994276643219537,adapter@stage11-native-byte,policy@stage10-v1,retrieval@11445919550932102920,answer,accepted,0,0,17903017313826406447
69,load-59,id@435368130738090792,model@2367994276643219537,adapter@stage11-native-byte,policy@stage10-v1,retrieval@12822422917284761477,answer,accepted,0,0,4274425857484459044
70,load-60,id@435369230249719003,model@2367994276643219537,adapter@stage11-native-byte,policy@stage10-v1,retrieval@16077183424025293400,answer,accepted,0,0,15905270063014710106
71,load-61,id@435368130738090792,model@2367994276643219537,adapter@stage11-native-byte,policy@stage10-v1,retrieval@5368988866681521856,answer,accepted,0,0,1934076315104193092
72,load-62,id@435369230249719003,model@2367994276643219537,adapter@stage11-native-byte,policy@stage10-v1,retrieval@5345048895183434881,answer,accepted,0,0,3200487757930181467
73,load-63,id@435368130738090792,model@2367994276643219537,adapter@stage11-native-byte,policy@stage10-v1,retrieval@7727955853917376845,answer,accepted,0,0,15493753625942241024
74,load-64,id@435369230249719003,model@2367994276643219537,adapter@stage11-native-byte,policy@stage10-v1,retrieval@6732708279260926376,answer,accepted,0,0,12866533023777421113
75,load-65,id@435368130738090792,model@2367994276643219537,adapter@stage11-native-byte,policy@stage10-v1,retrieval@5534088191607229961,answer,accepted,0,0,3440251147849560827
76,load-66,id@435369230249719003,model@2367994276643219537,adapter@stage11-native-byte,policy@stage10-v1,retrieval@9596785480973288924,answer,accepted,0,0,17452730713461553702
77,load-67,id@435368130738090792,model@2367994276643219537,adapter@stage11-native-byte,policy@stage10-v1,retrieval@9281808273195184982,answer,accepted,0,0,3367680474432482582
78,load-68,id@435369230249719003,model@2367994276643219537,adapter@stage11-native-byte,policy@stage10-v1,retrieval@5481199904141120254,answer,accepted,0,0,6353179245277698208
79,load-69,id@435368130738090792,model@2367994276643219537,adapter@stage11-native-byte,policy@stage10-v1,retrieval@2019955136811026677,answer,accepted,0,0,14716215980999912579
80,load-70,id@435369230249719003,model@2367994276643219537,adapter@stage11-native-byte,policy@stage10-v1,retrieval@9898345773710072918,answer,accepted,0,0,9167039686882580738
81,load-71,id@435368130738090792,model@2367994276643219537,adapter@stage11-native-byte,policy@stage10-v1,retrieval@8569436642107776739,answer,accepted,0,0,15639371737138443206
82,load-72,id@435369230249719003,model@2367994276643219537,adapter@stage11-native-byte,policy@stage10-v1,retrieval@5995530131346753373,answer,accepted,0,0,12650604181227265328
83,load-73,id@435368130738090792,model@2367994276643219537,adapter@stage11-native-byte,policy@stage10-v1,retrieval@2599282636360121627,answer,accepted,0,0,1337469902446627800
84,load-74,id@435369230249719003,model@2367994276643219537,adapter@stage11-native-byte,policy@stage10-v1,retrieval@9809169190092534294,answer,accepted,0,0,13116007441353617559
85,load-75,id@435368130738090792,model@2367994276643219537,adapter@stage11-native-byte,policy@stage10-v1,retrieval@12022992932720004452,answer,accepted,0,0,609075527077627075
86,load-76,id@435369230249719003,model@2367994276643219537,adapter@stage11-native-byte,policy@stage10-v1,retrieval@1167561659789891022,answer,accepted,0,0,15987659888568277491
87,load-77,id@435368130738090792,model@2367994276643219537,adapter@stage11-native-byte,policy@stage10-v1,retrieval@8497116843670253602,answer,accepted,0,0,9718006675548701769
88,load-78,id@435369230249719003,model@2367994276643219537,adapter@stage11-native-byte,policy@stage10-v1,retrieval@13947991497512883563,answer,accepted,0,0,1078187262129925547
89,load-79,id@435368130738090792,model@2367994276643219537,adapter@stage11-native-byte,policy@stage10-v1,retrieval@12105180324912553914,answer,accepted,0,0,15708058742135314960
90,load-80,id@435369230249719003,model@2367994276643219537,adapter@stage11-native-byte,policy@stage10-v1,retrieval@4107862057791846259,answer,accepted,0,0,9361617307182177346
91,load-81,id@435368130738090792,model@2367994276643219537,adapter@stage11-native-byte,policy@stage10-v1,retrieval@12255094341461016177,answer,accepted,0,0,5124126729654868212
92,load-82,id@435369230249719003,model@2367994276643219537,adapter@stage11-native-byte,policy@stage10-v1,retrieval@6987397603580131143,answer,accepted,0,0,14151881202385342833
93,load-83,id@435368130738090792,model@2367994276643219537,adapter@stage11-native-byte,policy@stage10-v1,retrieval@15280216873161335535,answer,accepted,0,0,13071450788152564533
94,load-84,id@435369230249719003,model@2367994276643219537,adapter@stage11-native-byte,policy@stage10-v1,retrieval@18216552431088467438,answer,accepted,0,0,5926980464991288675
95,load-85,id@435368130738090792,model@2367994276643219537,adapter@stage11-native-byte,policy@stage10-v1,retrieval@14745361551502853281,answer,accepted,0,0,2427434211113273212
96,load-86,id@435369230249719003,model@2367994276643219537,adapter@stage11-native-byte,policy@stage10-v1,retrieval@17029146676163736085,answer,accepted,0,0,11610553213966050911
97,load-87,id@435368130738090792,model@2367994276643219537,adapter@stage11-native-byte,policy@stage10-v1,retrieval@407011596399008190,answer,accepted,0,0,16897619013828419021
98,load-88,id@435369230249719003,model@2367994276643219537,adapter@stage11-native-byte,policy@stage10-v1,retrieval@17388786867083092765,answer,accepted,0,0,2829047470170652356
99,load-89,id@435368130738090792,model@2367994276643219537,adapter@stage11-native-byte,policy@stage10-v1,retrieval@14677064217171166001,answer,accepted,0,0,13638189457594264022
100,load-90,id@435369230249719003,model@2367994276643219537,adapter@stage11-native-byte,policy@stage10-v1,retrieval@11519070141424299042,answer,accepted,0,0,5531420672676044891
101,load-91,id@435368130738090792,model@2367994276643219537,adapter@stage11-native-byte,policy@stage10-v1,retrieval@12020753380177284862,answer,accepted,0,0,11393639120392566116
102,load-92,id@435369230249719003,model@2367994276643219537,adapter@stage11-native-byte,policy@stage10-v1,retrieval@9279161302780314280,answer,accepted,0,0,2083268693819564616
103,load-93,id@435368130738090792,model@2367994276643219537,adapter@stage11-native-byte,policy@stage10-v1,retrieval@4002214459343525823,answer,accepted,0,0,8183596076537536777
104,load-94,id@435369230249719003,model@2367994276643219537,adapter@stage11-native-byte,policy@stage10-v1,retrieval@15623203449344976015,answer,accepted,0,0,2967071727901962393
105,load-95,id@435368130738090792,model@2367994276643219537,adapter@stage11-native-byte,policy@stage10-v1,retrieval@11393299943055627377,answer,accepted,0,0,12566231296446565252
106,load-96,id@435369230249719003,model@2367994276643219537,adapter@stage11-native-byte,policy@stage10-v1,retrieval@7364497384873877270,answer,accepted,0,0,6354546971344405143
107,load-97,id@435368130738090792,model@2367994276643219537,adapter@stage11-native-byte,policy@stage10-v1,retrieval@1877023253777358640,answer,accepted,0,0,11559478590018978446
108,load-98,id@435369230249719003,model@2367994276643219537,adapter@stage11-native-byte,policy@stage10-v1,retrieval@18128482205968367955,answer,accepted,0,0,11544598811597100718
109,load-99,id@435368130738090792,model@2367994276643219537,adapter@stage11-native-byte,policy@stage10-v1,retrieval@18292252109426359052,answer,accepted,0,0,7692794276715813140
110,load-100,id@435369230249719003,model@2367994276643219537,adapter@stage11-native-byte,policy@stage10-v1,retrieval@15890869512876113290,answer,accepted,0,0,5027570932018077436
111,load-101,id@435368130738090792,model@2367994276643219537,adapter@stage11-native-byte,policy@stage10-v1,retrieval@132707254220842691,answer,accepted,0,0,3873281600506036161
112,load-102,id@435369230249719003,model@2367994276643219537,adapter@stage11-native-byte,policy@stage10-v1,retrieval@10706410979597313751,answer,accepted,0,0,7383595273744066098
113,load-103,id@435368130738090792,model@2367994276643219537,adapter@stage11-native-byte,policy@stage10-v1,retrieval@9402944190024512198,answer,accepted,0,0,13624518817452795619
114,load-104,id@435369230249719003,model@2367994276643219537,adapter@stage11-native-byte,policy@stage10-v1,retrieval@3486561130679532399,answer,accepted,0,0,15585105341707418964
115,load-105,id@435368130738090792,model@2367994276643219537,adapter@stage11-native-byte,policy@stage10-v1,retrieval@1716991114359973469,answer,accepted,0,0,1444412389216473245
116,load-106,id@435369230249719003,model@2367994276643219537,adapter@stage11-native-byte,policy@stage10-v1,retrieval@3384351084075399423,answer,accepted,0,0,11772177202059276108
117,load-107,id@435368130738090792,model@2367994276643219537,adapter@stage11-native-byte,policy@stage10-v1,retrieval@11594810342420212353,answer,accepted,0,0,9167304606164117977
118,load-108,id@435369230249719003,model@2367994276643219537,adapter@stage11-native-byte,policy@stage10-v1,retrieval@14501649374006407254,answer,accepted,0,0,11116241773470943620
119,load-109,id@435368130738090792,model@2367994276643219537,adapter@stage11-native-byte,policy@stage10-v1,retrieval@10453869920554724994,answer,accepted,0,0,668622260591490910
120,load-110,id@435369230249719003,model@2367994276643219537,adapter@stage11-native-byte,policy@stage10-v1,retrieval@2023147438473666875,answer,accepted,0,0,5772001005426027385
121,load-111,id@435368130738090792,model@2367994276643219537,adapter@stage11-native-byte,policy@stage10-v1,retrieval@11760769636963224851,answer,accepted,0,0,13745026742604180733
122,load-112,id@435369230249719003,model@2367994276643219537,adapter@stage11-native-byte,policy@stage10-v1,retrieval@7228862686234812202,answer,accepted,0,0,1670133057546979344
123,load-113,id@435368130738090792,model@2367994276643219537,adapter@stage11-native-byte,policy@stage10-v1,retrieval@881367108061507333,answer,accepted,0,0,163549010926065939
124,load-114,id@435369230249719003,model@2367994276643219537,adapter@stage11-native-byte,policy@stage10-v1,retrieval@239081772554990847,answer,accepted,0,0,6192356468555295994
125,load-115,id@435368130738090792,model@2367994276643219537,adapter@stage11-native-byte,policy@stage10-v1,retrieval@17123144138203075290,answer,accepted,0,0,15424545546010516399
126,load-116,id@435369230249719003,model@2367994276643219537,adapter@stage11-native-byte,policy@stage10-v1,retrieval@12945671295951089548,answer,accepted,0,0,16210589148091855534
127,load-117,id@435368130738090792,model@2367994276643219537,adapter@stage11-native-byte,policy@stage10-v1,retrieval@9030689073303368872,answer,accepted,0,0,5825689153330564132
128,load-118,id@435369230249719003,model@2367994276643219537,adapter@stage11-native-byte,policy@stage10-v1,retrieval@5047575138666248409,answer,accepted,0,0,9273809939263220746
129,load-119,id@435368130738090792,model@2367994276643219537,adapter@stage11-native-byte,policy@stage10-v1,retrieval@513837254786786870,answer,accepted,0,0,15465051053239733836
130,load-120,id@435369230249719003,model@2367994276643219537,adapter@stage11-native-byte,policy@stage10-v1,retrieval@8218047474493682320,answer,accepted,0,0,14469891667603798946
131,load-121,id@435368130738090792,model@2367994276643219537,adapter@stage11-native-byte,policy@stage10-v1,retrieval@16709571900449471221,answer,accepted,0,0,854711837662709302
132,load-122,id@435369230249719003,model@2367994276643219537,adapter@stage11-native-byte,policy@stage10-v1,retrieval@1516950217067897820,answer,accepted,0,0,14224794246656476143
133,load-123,id@435368130738090792,model@2367994276643219537,adapter@stage11-native-byte,policy@stage10-v1,retrieval@14353059868169624389,answer,accepted,0,0,9061817555718364718
134,load-124,id@435369230249719003,model@2367994276643219537,adapter@stage11-native-byte,policy@stage10-v1,retrieval@10509851112837439241,answer,accepted,0,0,12194069764399437343
135,load-125,id@435368130738090792,model@2367994276643219537,adapter@stage11-native-byte,policy@stage10-v1,retrieval@17820146876154552157,answer,accepted,0,0,2858717627095094937
136,load-126,id@435369230249719003,model@2367994276643219537,adapter@stage11-native-byte,policy@stage10-v1,retrieval@5999623015156912722,answer,accepted,0,0,5198778064519820148
137,load-127,id@435368130738090792,model@2367994276643219537,adapter@stage11-native-byte,policy@stage10-v1,retrieval@4984001913523396175,answer,accepted,0,0,15690718296763988461
138,load-128,id@435369230249719003,model@2367994276643219537,adapter@stage11-native-byte,policy@stage10-v1,retrieval@15533082679833117409,answer,accepted,0,0,77332493933136110
139,load-129,id@435368130738090792,model@2367994276643219537,adapter@stage11-native-byte,policy@stage10-v1,retrieval@3112358473562018309,answer,accepted,0,0,6326304608311414444
140,load-130,id@435369230249719003,model@2367994276643219537,adapter@stage11-native-byte,policy@stage10-v1,retrieval@11438241279552013862,answer,accepted,0,0,8267330454964227939
141,load-131,id@435368130738090792,model@2367994276643219537,adapter@stage11-native-byte,policy@stage10-v1,retrieval@17613672346998615733,answer,accepted,0,0,11781004804678236400
142,load-132,id@435369230249719003,model@2367994276643219537,adapter@stage11-native-byte,policy@stage10-v1,retrieval@1014426766106462230,answer,accepted,0,0,4419283087749017022
143,load-133,id@435368130738090792,model@2367994276643219537,adapter@stage11-native-byte,policy@stage10-v1,retrieval@16121058511041175268,answer,accepted,0,0,15984941001392771797
144,load-134,id@435369230249719003,model@2367994276643219537,adapter@stage11-native-byte,policy@stage10-v1,retrieval@2091853515210842592,answer,accepted,0,0,10093040976667606898
145,load-135,id@435368130738090792,model@2367994276643219537,adapter@stage11-native-byte,policy@stage10-v1,retrieval@2389155573215256977,answer,accepted,0,0,15324347411210899868
146,load-136,id@435369230249719003,model@2367994276643219537,adapter@stage11-native-byte,policy@stage10-v1,retrieval@2491472102081200119,answer,accepted,0,0,10581682344372140604
147,load-137,id@435368130738090792,model@2367994276643219537,adapter@stage11-native-byte,policy@stage10-v1,retrieval@17413332279502355312,answer,accepted,0,0,5404950216219567577
148,load-138,id@435369230249719003,model@2367994276643219537,adapter@stage11-native-byte,policy@stage10-v1,retrieval@2186942634771220501,answer,accepted,0,0,17317434536462294094
149,load-139,id@435368130738090792,model@2367994276643219537,adapter@stage11-native-byte,policy@stage10-v1,retrieval@1007588021764410186,answer,accepted,0,0,12200307547121542652
150,load-140,id@435369230249719003,model@2367994276643219537,adapter@stage11-native-byte,policy@stage10-v1,retrieval@15323985703544319534,answer,accepted,0,0,9644969621644217580
151,load-141,id@435368130738090792,model@2367994276643219537,adapter@stage11-native-byte,policy@stage10-v1,retrieval@5249553228635647404,answer,accepted,0,0,1831097753975805140
152,load-142,id@435369230249719003,model@2367994276643219537,adapter@stage11-native-byte,policy@stage10-v1,retrieval@14073995828528882338,answer,accepted,0,0,14157973304500256264
153,load-143,id@435368130738090792,model@2367994276643219537,adapter@stage11-native-byte,policy@stage10-v1,retrieval@610649870993056545,answer,accepted,0,0,6711179127245218128
154,load-144,id@435369230249719003,model@2367994276643219537,adapter@stage11-native-byte,policy@stage10-v1,retrieval@17363751527211968846,answer,accepted,0,0,6131965443961522766
155,load-145,id@435368130738090792,model@2367994276643219537,adapter@stage11-native-byte,policy@stage10-v1,retrieval@14628835052561111233,answer,accepted,0,0,12868345713650963828
156,load-146,id@435369230249719003,model@2367994276643219537,adapter@stage11-native-byte,policy@stage10-v1,retrieval@16138824380438259050,answer,accepted,0,0,13233894435762177696
157,load-147,id@435368130738090792,model@2367994276643219537,adapter@stage11-native-byte,policy@stage10-v1,retrieval@8279870993288251909,answer,accepted,0,0,12159431411813504357
158,load-148,id@435369230249719003,model@2367994276643219537,adapter@stage11-native-byte,policy@stage10-v1,retrieval@7677662009582009222,answer,accepted,0,0,5192847064972422584
159,load-149,id@435368130738090792,model@2367994276643219537,adapter@stage11-native-byte,policy@stage10-v1,retrieval@2774119095042859933,answer,accepted,0,0,5861236626142457932
160,load-150,id@435369230249719003,model@2367994276643219537,adapter@stage11-native-byte,policy@stage10-v1,retrieval@11055487177948371036,answer,accepted,0,0,5293338328419037595
161,load-151,id@435368130738090792,model@2367994276643219537,adapter@stage11-native-byte,policy@stage10-v1,retrieval@16743107926104948143,answer,accepted,0,0,3381339850224195326
162,load-152,id@435369230249719003,model@2367994276643219537,adapter@stage11-native-byte,policy@stage10-v1,retrieval@10101491176634306146,answer,accepted,0,0,15764108561120937916
163,load-153,id@435368130738090792,model@2367994276643219537,adapter@stage11-native-byte,policy@stage10-v1,retrieval@11978898827485628487,answer,accepted,0,0,6381414804138446713
164,load-154,id@435369230249719003,model@2367994276643219537,adapter@stage11-native-byte,policy@stage10-v1,retrieval@223862576397636524,answer,accepted,0,0,11863149973785628876
165,load-155,id@435368130738090792,model@2367994276643219537,adapter@stage11-native-byte,policy@stage10-v1,retrieval@14348698718181120668,answer,accepted,0,0,6967257688443178171
166,load-156,id@435369230249719003,model@2367994276643219537,adapter@stage11-native-byte,policy@stage10-v1,retrieval@7787932815956794076,answer,accepted,0,0,16633453459717872782
167,load-157,id@435368130738090792,model@2367994276643219537,adapter@stage11-native-byte,policy@stage10-v1,retrieval@8571895818199534148,answer,accepted,0,0,1029812993209758385
168,load-158,id@435369230249719003,model@2367994276643219537,adapter@stage11-native-byte,policy@stage10-v1,retrieval@15358135001786172521,answer,accepted,0,0,8855879573967429852
169,load-159,id@435368130738090792,model@2367994276643219537,adapter@stage11-native-byte,policy@stage10-v1,retrieval@15554492717068071323,answer,accepted,0,0,7352054868893845150
170,load-160,id@435369230249719003,model@2367994276643219537,adapter@stage11-native-byte,policy@stage10-v1,retrieval@1947424776220615837,answer,accepted,0,0,14087929497243701380
171,load-161,id@435368130738090792,model@2367994276643219537,adapter@stage11-native-byte,policy@stage10-v1,retrieval@16479384933620871661,answer,accepted,0,0,196580107911982790
172,load-162,id@435369230249719003,model@2367994276643219537,adapter@stage11-native-byte,policy@stage10-v1,retrieval@6559892365518910634,answer,accepted,0,0,3476502823932530133
173,load-163,id@435368130738090792,model@2367994276643219537,adapter@stage11-native-byte,policy@stage10-v1,retrieval@17401498964060801297,answer,accepted,0,0,10819620723512912092
174,load-164,id@435369230249719003,model@2367994276643219537,adapter@stage11-native-byte,policy@stage10-v1,retrieval@16418881911881198868,answer,accepted,0,0,7863535456047357915
175,load-165,id@435368130738090792,model@2367994276643219537,adapter@stage11-native-byte,policy@stage10-v1,retrieval@4197985705913577013,answer,accepted,0,0,7181014091466232763
176,load-166,id@435369230249719003,model@2367994276643219537,adapter@stage11-native-byte,policy@stage10-v1,retrieval@9624890859378068245,answer,accepted,0,0,9050566714972903599
177,load-167,id@435368130738090792,model@2367994276643219537,adapter@stage11-native-byte,policy@stage10-v1,retrieval@15698536291444314657,answer,accepted,0,0,17664525512437669580
178,load-168,id@435369230249719003,model@2367994276643219537,adapter@stage11-native-byte,policy@stage10-v1,retrieval@1083279939381586575,answer,accepted,0,0,2946331258154456884
179,load-169,id@435368130738090792,model@2367994276643219537,adapter@stage11-native-byte,policy@stage10-v1,retrieval@2499758822826761864,answer,accepted,0,0,16488686028662290995
180,load-170,id@435369230249719003,model@2367994276643219537,adapter@stage11-native-byte,policy@stage10-v1,retrieval@13409155791759819664,answer,accepted,0,0,10222508040974471641
181,load-171,id@435368130738090792,model@2367994276643219537,adapter@stage11-native-byte,policy@stage10-v1,retrieval@2705265777083287859,answer,accepted,0,0,14331005453389184643
182,load-172,id@435369230249719003,model@2367994276643219537,adapter@stage11-native-byte,policy@stage10-v1,retrieval@3385152688997551407,answer,accepted,0,0,13087770672383467842
183,load-173,id@435368130738090792,model@2367994276643219537,adapter@stage11-native-byte,policy@stage10-v1,retrieval@10011521362530442031,answer,accepted,0,0,17687840009183342800
184,load-174,id@435369230249719003,model@2367994276643219537,adapter@stage11-native-byte,policy@stage10-v1,retrieval@11829589929881811220,answer,accepted,0,0,5058789093390813612
185,load-175,id@435368130738090792,model@2367994276643219537,adapter@stage11-native-byte,policy@stage10-v1,retrieval@5755449732508020097,answer,accepted,0,0,5177530865358440602
186,load-176,id@435369230249719003,model@2367994276643219537,adapter@stage11-native-byte,policy@stage10-v1,retrieval@13657791577530198227,answer,accepted,0,0,6980851543807364594
187,load-177,id@435368130738090792,model@2367994276643219537,adapter@stage11-native-byte,policy@stage10-v1,retrieval@3691173494924730427,answer,accepted,0,0,612963647549765019
188,load-178,id@435369230249719003,model@2367994276643219537,adapter@stage11-native-byte,policy@stage10-v1,retrieval@3744692138173578898,answer,accepted,0,0,4507135383143496705
189,load-179,id@435368130738090792,model@2367994276643219537,adapter@stage11-native-byte,policy@stage10-v1,retrieval@5925689526910350061,answer,accepted,0,0,13582388264431348898
190,load-180,id@435369230249719003,model@2367994276643219537,adapter@stage11-native-byte,policy@stage10-v1,retrieval@7506311945997332198,answer,accepted,0,0,7216009046326593744
191,load-181,id@435368130738090792,model@2367994276643219537,adapter@stage11-native-byte,policy@stage10-v1,retrieval@8664910897463946627,answer,accepted,0,0,3230402142368477956
192,load-182,id@435369230249719003,model@2367994276643219537,adapter@stage11-native-byte,policy@stage10-v1,retrieval@7141520151664476065,answer,accepted,0,0,11487646284308926543
193,load-183,id@435368130738090792,model@2367994276643219537,adapter@stage11-native-byte,policy@stage10-v1,retrieval@2999242866361303089,answer,accepted,0,0,3414364502977559116
194,load-184,id@435369230249719003,model@2367994276643219537,adapter@stage11-native-byte,policy@stage10-v1,retrieval@12190082794065732426,answer,accepted,0,0,10577663895641848892
195,load-185,id@435368130738090792,model@2367994276643219537,adapter@stage11-native-byte,policy@stage10-v1,retrieval@16531121071642861795,answer,accepted,0,0,15318840716986326224
196,load-186,id@435369230249719003,model@2367994276643219537,adapter@stage11-native-byte,policy@stage10-v1,retrieval@17632015841521697948,answer,accepted,0,0,15273062572996895671
197,load-187,id@435368130738090792,model@2367994276643219537,adapter@stage11-native-byte,policy@stage10-v1,retrieval@3358452747695044643,answer,accepted,0,0,15439117443401072897
198,load-188,id@435369230249719003,model@2367994276643219537,adapter@stage11-native-byte,policy@stage10-v1,retrieval@18155633648264391746,answer,accepted,0,0,15828451402017055360
199,load-189,id@435368130738090792,model@2367994276643219537,adapter@stage11-native-byte,policy@stage10-v1,retrieval@2496826401120189406,answer,accepted,0,0,6852657901179137380
200,load-190,id@435369230249719003,model@2367994276643219537,adapter@stage11-native-byte,policy@stage10-v1,retrieval@8704299926014679612,answer,accepted,0,0,1334397300306048209
201,load-191,id@435368130738090792,model@2367994276643219537,adapter@stage11-native-byte,policy@stage10-v1,retrieval@14886696074054898244,answer,accepted,0,0,83526850894223699
202,load-192,id@435369230249719003,model@2367994276643219537,adapter@stage11-native-byte,policy@stage10-v1,retrieval@9622420224402918064,answer,accepted,0,0,15326946111785025698
203,load-193,id@435368130738090792,model@2367994276643219537,adapter@stage11-native-byte,policy@stage10-v1,retrieval@17307989295308128980,answer,accepted,0,0,9640808398237947917
204,load-194,id@435369230249719003,model@2367994276643219537,adapter@stage11-native-byte,policy@stage10-v1,retrieval@16921914522464697194,answer,accepted,0,0,1885926546817352688
205,load-195,id@435368130738090792,model@2367994276643219537,adapter@stage11-native-byte,policy@stage10-v1,retrieval@3192897712624695231,answer,accepted,0,0,1574179827769244505
206,load-196,id@435369230249719003,model@2367994276643219537,adapter@stage11-native-byte,policy@stage10-v1,retrieval@15210508560381019749,answer,accepted,0,0,12294610483672496863
207,load-197,id@435368130738090792,model@2367994276643219537,adapter@stage11-native-byte,policy@stage10-v1,retrieval@10621364174838183095,answer,accepted,0,0,15499349801060098841
208,load-198,id@435369230249719003,model@2367994276643219537,adapter@stage11-native-byte,policy@stage10-v1,retrieval@8136663370692558216,answer,accepted,0,0,6417620106258470110
209,load-199,id@435368130738090792,model@2367994276643219537,adapter@stage11-native-byte,policy@stage10-v1,retrieval@5232698178505522858,answer,accepted,0,0,6366559038704792964
210,load-200,id@435369230249719003,model@2367994276643219537,adapter@stage11-native-byte,policy@stage10-v1,retrieval@1195036952923991067,answer,accepted,0,0,4877887524571033842
211,load-201,id@435368130738090792,model@2367994276643219537,adapter@stage11-native-byte,policy@stage10-v1,retrieval@7523119183216409610,answer,accepted,0,0,4026399860415916428
212,load-202,id@435369230249719003,model@2367994276643219537,adapter@stage11-native-byte,policy@stage10-v1,retrieval@11001524704789986597,answer,accepted,0,0,5639836955652335430
213,load-203,id@435368130738090792,model@2367994276643219537,adapter@stage11-native-byte,policy@stage10-v1,retrieval@17819074358041550287,answer,accepted,0,0,1947064111178267212
214,load-204,id@435369230249719003,model@2367994276643219537,adapter@stage11-native-byte,policy@stage10-v1,retrieval@14444938217049428169,answer,accepted,0,0,1576228894643999325
215,load-205,id@435368130738090792,model@2367994276643219537,adapter@stage11-native-byte,policy@stage10-v1,retrieval@1765572872078446868,answer,accepted,0,0,7431062747065024088
216,load-206,id@435369230249719003,model@2367994276643219537,adapter@stage11-native-byte,policy@stage10-v1,retrieval@5435198525367635622,answer,accepted,0,0,7854217636385943096
217,load-207,id@435368130738090792,model@2367994276643219537,adapter@stage11-native-byte,policy@stage10-v1,retrieval@13549646170613944333,answer,accepted,0,0,16866081716753131382
218,load-208,id@435369230249719003,model@2367994276643219537,adapter@stage11-native-byte,policy@stage10-v1,retrieval@11220258249199234078,answer,accepted,0,0,10668145485145436495
219,load-209,id@435368130738090792,model@2367994276643219537,adapter@stage11-native-byte,policy@stage10-v1,retrieval@1820139088809826198,answer,accepted,0,0,11547227542922897250
220,load-210,id@435369230249719003,model@2367994276643219537,adapter@stage11-native-byte,policy@stage10-v1,retrieval@17064230471832457819,answer,accepted,0,0,10542249777989206368
221,load-211,id@435368130738090792,model@2367994276643219537,adapter@stage11-native-byte,policy@stage10-v1,retrieval@4437463095550350866,answer,accepted,0,0,1189109730412958538
222,load-212,id@435369230249719003,model@2367994276643219537,adapter@stage11-native-byte,policy@stage10-v1,retrieval@13544584551543519750,answer,accepted,0,0,15423530010196618228
223,load-213,id@435368130738090792,model@2367994276643219537,adapter@stage11-native-byte,policy@stage10-v1,retrieval@17713983158808047946,answer,accepted,0,0,10073810571860119814
224,load-214,id@435369230249719003,model@2367994276643219537,adapter@stage11-native-byte,policy@stage10-v1,retrieval@8878968609004055556,answer,accepted,0,0,8424037704195701161
225,load-215,id@435368130738090792,model@2367994276643219537,adapter@stage11-native-byte,policy@stage10-v1,retrieval@3968290800837106780,answer,accepted,0,0,5428302332638343405
226,load-216,id@435369230249719003,model@2367994276643219537,adapter@stage11-native-byte,policy@stage10-v1,retrieval@7821670347076276690,answer,accepted,0,0,6798327225264313999
227,load-217,id@435368130738090792,model@2367994276643219537,adapter@stage11-native-byte,policy@stage10-v1,retrieval@5906579010139471627,answer,accepted,0,0,15542949246767878200
228,load-218,id@435369230249719003,model@2367994276643219537,adapter@stage11-native-byte,policy@stage10-v1,retrieval@13917698468649030180,answer,accepted,0,0,10270944804407217479
229,load-219,id@435368130738090792,model@2367994276643219537,adapter@stage11-native-byte,policy@stage10-v1,retrieval@8862468053279858428,answer,accepted,0,0,11651154802852940232
230,load-220,id@435369230249719003,model@2367994276643219537,adapter@stage11-native-byte,policy@stage10-v1,retrieval@14871582187389515402,answer,accepted,0,0,11856726244357133789
231,load-221,id@435368130738090792,model@2367994276643219537,adapter@stage11-native-byte,policy@stage10-v1,retrieval@1302286733130444151,answer,accepted,0,0,136414504515052202
232,load-222,id@435369230249719003,model@2367994276643219537,adapter@stage11-native-byte,policy@stage10-v1,retrieval@9818645718992211430,answer,accepted,0,0,12708284918837893930
233,load-223,id@435368130738090792,model@2367994276643219537,adapter@stage11-native-byte,policy@stage10-v1,retrieval@860162473821591925,answer,accepted,0,0,2360968866143834950
234,load-224,id@435369230249719003,model@2367994276643219537,adapter@stage11-native-byte,policy@stage10-v1,retrieval@6797306049703696021,answer,accepted,0,0,3553766508810219564
235,load-225,id@435368130738090792,model@2367994276643219537,adapter@stage11-native-byte,policy@stage10-v1,retrieval@18071320401381939843,answer,accepted,0,0,4259568155139515910
236,load-226,id@435369230249719003,model@2367994276643219537,adapter@stage11-native-byte,policy@stage10-v1,retrieval@16005916171371011010,answer,accepted,0,0,13040994441375042264
237,load-227,id@435368130738090792,model@2367994276643219537,adapter@stage11-native-byte,policy@stage10-v1,retrieval@301986825944553858,answer,accepted,0,0,6742483648321673670
238,load-228,id@435369230249719003,model@2367994276643219537,adapter@stage11-native-byte,policy@stage10-v1,retrieval@17694077398910891843,answer,accepted,0,0,17965794500574045196
239,load-229,id@435368130738090792,model@2367994276643219537,adapter@stage11-native-byte,policy@stage10-v1,retrieval@13778274201091750796,answer,accepted,0,0,15221087039986750700
240,load-230,id@435369230249719003,model@2367994276643219537,adapter@stage11-native-byte,policy@stage10-v1,retrieval@786608536340817828,answer,accepted,0,0,15596509299076768486
241,load-231,id@435368130738090792,model@2367994276643219537,adapter@stage11-native-byte,policy@stage10-v1,retrieval@8360756892697208522,answer,accepted,0,0,7712349313310968304
242,load-232,id@435369230249719003,model@2367994276643219537,adapter@stage11-native-byte,policy@stage10-v1,retrieval@18195946079625325997,answer,accepted,0,0,9494794233926175493
243,load-233,id@435368130738090792,model@2367994276643219537,adapter@stage11-native-byte,policy@stage10-v1,retrieval@15454530214991511259,answer,accepted,0,0,7679827735795923189
244,load-234,id@435369230249719003,model@2367994276643219537,adapter@stage11-native-byte,policy@stage10-v1,retrieval@2290505021197532173,answer,accepted,0,0,16156780327055839731
245,load-235,id@435368130738090792,model@2367994276643219537,adapter@stage11-native-byte,policy@stage10-v1,retrieval@16669534661286813035,answer,accepted,0,0,8978382346201000984
246,load-236,id@435369230249719003,model@2367994276643219537,adapter@stage11-native-byte,policy@stage10-v1,retrieval@10457140647636049304,answer,accepted,0,0,7645189461300306438
247,load-237,id@435368130738090792,model@2367994276643219537,adapter@stage11-native-byte,policy@stage10-v1,retrieval@11074011723707788893,answer,accepted,0,0,16555930871092408956
248,load-238,id@435369230249719003,model@2367994276643219537,adapter@stage11-native-byte,policy@stage10-v1,retrieval@7819295884800453766,answer,accepted,0,0,9073943469917167332
249,load-239,id@435368130738090792,model@2367994276643219537,adapter@stage11-native-byte,policy@stage10-v1,retrieval@8485975148717185850,answer,accepted,0,0,16123869886603382291
250,load-240,id@435369230249719003,model@2367994276643219537,adapter@stage11-native-byte,policy@stage10-v1,retrieval@3828805603675737090,answer,accepted,0,0,6269506076222341159
251,load-241,id@435368130738090792,model@2367994276643219537,adapter@stage11-native-byte,policy@stage10-v1,retrieval@4929420663220604555,answer,accepted,0,0,9952390099295384216
252,load-242,id@435369230249719003,model@2367994276643219537,adapter@stage11-native-byte,policy@stage10-v1,retrieval@14773103835585393773,answer,accepted,0,0,13503617359566064557
253,load-243,id@435368130738090792,model@2367994276643219537,adapter@stage11-native-byte,policy@stage10-v1,retrieval@8111971322334056781,answer,accepted,0,0,8241224221666851301
254,load-244,id@435369230249719003,model@2367994276643219537,adapter@stage11-native-byte,policy@stage10-v1,retrieval@12804460189908940349,answer,accepted,0,0,3628750195993149589
255,load-245,id@435368130738090792,model@2367994276643219537,adapter@stage11-native-byte,policy@stage10-v1,retrieval@1079890700790872734,answer,accepted,0,0,12040913795268577487
256,load-246,id@435369230249719003,model@2367994276643219537,adapter@stage11-native-byte,policy@stage10-v1,retrieval@16256391262748212674,answer,accepted,0,0,15724379946251870896
257,load-247,id@435368130738090792,model@2367994276643219537,adapter@stage11-native-byte,policy@stage10-v1,retrieval@13431464083982405554,answer,accepted,0,0,9986962687484709221
258,load-248,id@435369230249719003,model@2367994276643219537,adapter@stage11-native-byte,policy@stage10-v1,retrieval@10359925343436548325,answer,accepted,0,0,6277449154650679566
259,load-249,id@435368130738090792,model@2367994276643219537,adapter@stage11-native-byte,policy@stage10-v1,retrieval@5951936932863938,answer,accepted,0,0,17088030670348478072
260,load-250,id@435369230249719003,model@2367994276643219537,adapter@stage11-native-byte,policy@stage10-v1,retrieval@11336224778660157184,answer,accepted,0,0,14571017492486857550
261,load-251,id@435368130738090792,model@2367994276643219537,adapter@stage11-native-byte,policy@stage10-v1,retrieval@9031911472933254948,answer,accepted,0,0,3440190042236835496
262,load-252,id@435369230249719003,model@2367994276643219537,adapter@stage11-native-byte,policy@stage10-v1,retrieval@13329153233299760983,answer,accepted,0,0,13643268420279937486
263,load-253,id@435368130738090792,model@2367994276643219537,adapter@stage11-native-byte,policy@stage10-v1,retrieval@15916438972502877611,answer,accepted,0,0,16048898060581873319
264,load-254,id@435369230249719003,model@2367994276643219537,adapter@stage11-native-byte,policy@stage10-v1,retrieval@12263399579123801432,answer,accepted,0,0,10200934834073984820
265,load-255,id@435368130738090792,model@2367994276643219537,adapter@stage11-native-byte,policy@stage10-v1,retrieval@17342880341638756967,answer,accepted,0,0,14892260421346025113
266,load-256,id@435369230249719003,model@2367994276643219537,adapter@stage11-native-byte,policy@stage10-v1,retrieval@4023067099921753834,answer,accepted,0,0,6566375893991325184
267,load-257,id@435368130738090792,model@2367994276643219537,adapter@stage11-native-byte,policy@stage10-v1,retrieval@2271597038642949902,answer,accepted,0,0,10637607067960942420
268,load-258,id@435369230249719003,model@2367994276643219537,adapter@stage11-native-byte,policy@stage10-v1,retrieval@12638482192598810830,answer,accepted,0,0,15240398288698036212
269,load-259,id@435368130738090792,model@2367994276643219537,adapter@stage11-native-byte,policy@stage10-v1,retrieval@9490007012493180644,answer,accepted,0,0,3133793359290073812
270,load-260,id@435369230249719003,model@2367994276643219537,adapter@stage11-native-byte,policy@stage10-v1,retrieval@17333006033382255473,answer,accepted,0,0,16953030438755297277
271,load-261,id@435368130738090792,model@2367994276643219537,adapter@stage11-native-byte,policy@stage10-v1,retrieval@12126020313682419933,answer,accepted,0,0,10851312457497486989
272,load-262,id@435369230249719003,model@2367994276643219537,adapter@stage11-native-byte,policy@stage10-v1,retrieval@4570224616046681125,answer,accepted,0,0,4267761230654029124
273,load-263,id@435368130738090792,model@2367994276643219537,adapter@stage11-native-byte,policy@stage10-v1,retrieval@2808769393297733342,answer,accepted,0,0,6622980926804953127
274,load-264,id@435369230249719003,model@2367994276643219537,adapter@stage11-native-byte,policy@stage10-v1,retrieval@8433633618962539485,answer,accepted,0,0,10926735656907946693
275,load-265,id@435368130738090792,model@2367994276643219537,adapter@stage11-native-byte,policy@stage10-v1,retrieval@14534148929990456933,answer,accepted,0,0,10543684492475693370
276,load-266,id@435369230249719003,model@2367994276643219537,adapter@stage11-native-byte,policy@stage10-v1,retrieval@5842805345656819733,answer,accepted,0,0,17525689520083065959
277,load-267,id@435368130738090792,model@2367994276643219537,adapter@stage11-native-byte,policy@stage10-v1,retrieval@11548719613045512350,answer,accepted,0,0,15452574682929154307
278,load-268,id@435369230249719003,model@2367994276643219537,adapter@stage11-native-byte,policy@stage10-v1,retrieval@10490085342020396834,answer,accepted,0,0,3139053100315914164
279,load-269,id@435368130738090792,model@2367994276643219537,adapter@stage11-native-byte,policy@stage10-v1,retrieval@871145385380757870,answer,accepted,0,0,18246660369432384630
280,load-270,id@435369230249719003,model@2367994276643219537,adapter@stage11-native-byte,policy@stage10-v1,retrieval@1032546486955163749,answer,accepted,0,0,14079727947027341407
281,load-271,id@435368130738090792,model@2367994276643219537,adapter@stage11-native-byte,policy@stage10-v1,retrieval@2726721156359027590,answer,accepted,0,0,18165901592002139655
282,load-272,id@435369230249719003,model@2367994276643219537,adapter@stage11-native-byte,policy@stage10-v1,retrieval@14745783953733589154,answer,accepted,0,0,7667936537845575437
283,load-273,id@435368130738090792,model@2367994276643219537,adapter@stage11-native-byte,policy@stage10-v1,retrieval@1340447398108356223,answer,accepted,0,0,8095151788770254801
284,load-274,id@435369230249719003,model@2367994276643219537,adapter@stage11-native-byte,policy@stage10-v1,retrieval@16576215123730159285,answer,accepted,0,0,12574987991690207341
285,load-275,id@435368130738090792,model@2367994276643219537,adapter@stage11-native-byte,policy@stage10-v1,retrieval@6568869098345439826,answer,accepted,0,0,17139457440072897081
286,load-276,id@435369230249719003,model@2367994276643219537,adapter@stage11-native-byte,policy@stage10-v1,retrieval@10080451825225347268,answer,accepted,0,0,4921073892713832241
287,load-277,id@435368130738090792,model@2367994276643219537,adapter@stage11-native-byte,policy@stage10-v1,retrieval@11992359052795032910,answer,accepted,0,0,5162617955605470061
288,load-278,id@435369230249719003,model@2367994276643219537,adapter@stage11-native-byte,policy@stage10-v1,retrieval@13486940439636521912,answer,accepted,0,0,748974471496603189
289,load-279,id@435368130738090792,model@2367994276643219537,adapter@stage11-native-byte,policy@stage10-v1,retrieval@9187027516601808418,answer,accepted,0,0,17516533095293460743
290,load-280,id@435369230249719003,model@2367994276643219537,adapter@stage11-native-byte,policy@stage10-v1,retrieval@17410970018035570920,answer,accepted,0,0,2929390451774613528
291,load-281,id@435368130738090792,model@2367994276643219537,adapter@stage11-native-byte,policy@stage10-v1,retrieval@15424296174080355349,answer,accepted,0,0,9990838045667536732
292,load-282,id@435369230249719003,model@2367994276643219537,adapter@stage11-native-byte,policy@stage10-v1,retrieval@12148313134774530852,answer,accepted,0,0,1470291426071221798
293,load-283,id@435368130738090792,model@2367994276643219537,adapter@stage11-native-byte,policy@stage10-v1,retrieval@1105640094520063665,answer,accepted,0,0,16606044685048654954
294,load-284,id@435369230249719003,model@2367994276643219537,adapter@stage11-native-byte,policy@stage10-v1,retrieval@16231252738318681235,answer,accepted,0,0,1798189504409414914
295,load-285,id@435368130738090792,model@2367994276643219537,adapter@stage11-native-byte,policy@stage10-v1,retrieval@2682491619821572750,answer,accepted,0,0,18062713168530896622
296,load-286,id@435369230249719003,model@2367994276643219537,adapter@stage11-native-byte,policy@stage10-v1,retrieval@5901924355800546330,answer,accepted,0,0,11546972401781402028
297,load-287,id@435368130738090792,model@2367994276643219537,adapter@stage11-native-byte,policy@stage10-v1,retrieval@10115299957137375600,answer,accepted,0,0,12737585434749666287
298,load-288,id@435369230249719003,model@2367994276643219537,adapter@stage11-native-byte,policy@stage10-v1,retrieval@3384135909968757851,answer,accepted,0,0,11160566391455699944
299,load-289,id@435368130738090792,model@2367994276643219537,adapter@stage11-native-byte,policy@stage10-v1,retrieval@13072105310461357783,answer,accepted,0,0,17880504574832440227
300,load-290,id@435369230249719003,model@2367994276643219537,adapter@stage11-native-byte,policy@stage10-v1,retrieval@1615017407655782462,answer,accepted,0,0,3231938366007276778
301,load-291,id@435368130738090792,model@2367994276643219537,adapter@stage11-native-byte,policy@stage10-v1,retrieval@13846462143882055072,answer,accepted,0,0,13902232330693571032
302,load-292,id@435369230249719003,model@2367994276643219537,adapter@stage11-native-byte,policy@stage10-v1,retrieval@11106029272769427965,answer,accepted,0,0,1744714815212989618
303,load-293,id@435368130738090792,model@2367994276643219537,adapter@stage11-native-byte,policy@stage10-v1,retrieval@7397556942145274750,answer,accepted,0,0,7215947155017927149
304,load-294,id@435369230249719003,model@2367994276643219537,adapter@stage11-native-byte,policy@stage10-v1,retrieval@4393065266173885836,answer,accepted,0,0,14093540911480586627
305,load-295,id@435368130738090792,model@2367994276643219537,adapter@stage11-native-byte,policy@stage10-v1,retrieval@16493882219751660881,answer,accepted,0,0,11303745256228530095
306,load-296,id@435369230249719003,model@2367994276643219537,adapter@stage11-native-byte,policy@stage10-v1,retrieval@8123854292451114536,answer,accepted,0,0,13007720477358261798
307,load-297,id@435368130738090792,model@2367994276643219537,adapter@stage11-native-byte,policy@stage10-v1,retrieval@15745093598600029105,answer,accepted,0,0,2923218724902946960
308,load-298,id@435369230249719003,model@2367994276643219537,adapter@stage11-native-byte,policy@stage10-v1,retrieval@11172879011450788440,answer,accepted,0,0,16957894921597580808
309,load-299,id@435368130738090792,model@2367994276643219537,adapter@stage11-native-byte,policy@stage10-v1,retrieval@8862938129488651379,answer,accepted,0,0,789734600508785601
310,load-300,id@435369230249719003,model@2367994276643219537,adapter@stage11-native-byte,policy@stage10-v1,retrieval@3860903074453524140,answer,accepted,0,0,989772788284052137
311,load-301,id@435368130738090792,model@2367994276643219537,adapter@stage11-native-byte,policy@stage10-v1,retrieval@6850815565878187600,answer,accepted,0,0,1156838527668119307
312,load-302,id@435369230249719003,model@2367994276643219537,adapter@stage11-native-byte,policy@stage10-v1,retrieval@1182164154757296243,answer,accepted,0,0,16740303940521484038
313,load-303,id@435368130738090792,model@2367994276643219537,adapter@stage11-native-byte,policy@stage10-v1,retrieval@9853960223764455884,answer,accepted,0,0,2296096209581920369
314,load-304,id@435369230249719003,model@2367994276643219537,adapter@stage11-native-byte,policy@stage10-v1,retrieval@4218266903097557377,answer,accepted,0,0,12230968648546389358
315,load-305,id@435368130738090792,model@2367994276643219537,adapter@stage11-native-byte,policy@stage10-v1,retrieval@15238161118535686490,answer,accepted,0,0,6448228431001413847
316,load-306,id@435369230249719003,model@2367994276643219537,adapter@stage11-native-byte,policy@stage10-v1,retrieval@3761563131004690497,answer,accepted,0,0,1006547868127087295
317,load-307,id@435368130738090792,model@2367994276643219537,adapter@stage11-native-byte,policy@stage10-v1,retrieval@9506232693063744449,answer,accepted,0,0,6210083866209596963
318,load-308,id@435369230249719003,model@2367994276643219537,adapter@stage11-native-byte,policy@stage10-v1,retrieval@13612702338712911673,answer,accepted,0,0,3963164190438061102
319,load-309,id@435368130738090792,model@2367994276643219537,adapter@stage11-native-byte,policy@stage10-v1,retrieval@15581230516707393842,answer,accepted,0,0,18278997649844572258
320,load-310,id@435369230249719003,model@2367994276643219537,adapter@stage11-native-byte,policy@stage10-v1,retrieval@15756725838546101673,answer,accepted,0,0,13781942821678182024
321,load-311,id@435368130738090792,model@2367994276643219537,adapter@stage11-native-byte,policy@stage10-v1,retrieval@6216149357616908211,answer,accepted,0,0,16296233464990394990
322,load-312,id@435369230249719003,model@2367994276643219537,adapter@stage11-native-byte,policy@stage10-v1,retrieval@12586231497788128678,answer,accepted,0,0,5317817395435966070
323,load-313,id@435368130738090792,model@2367994276643219537,adapter@stage11-native-byte,policy@stage10-v1,retrieval@16458554333962972737,answer,accepted,0,0,5809826911412176352
324,load-314,id@435369230249719003,model@2367994276643219537,adapter@stage11-native-byte,policy@stage10-v1,retrieval@18305466307590070915,answer,accepted,0,0,9654681575038032025
325,load-315,id@435368130738090792,model@2367994276643219537,adapter@stage11-native-byte,policy@stage10-v1,retrieval@16994057340057807731,answer,accepted,0,0,7406338818549786028
326,load-316,id@435369230249719003,model@2367994276643219537,adapter@stage11-native-byte,policy@stage10-v1,retrieval@9975073552740188398,answer,accepted,0,0,634100243192726328
327,load-317,id@435368130738090792,model@2367994276643219537,adapter@stage11-native-byte,policy@stage10-v1,retrieval@11904731050075246250,answer,accepted,0,0,268523920635204234
328,load-318,id@435369230249719003,model@2367994276643219537,adapter@stage11-native-byte,policy@stage10-v1,retrieval@9900217429307189012,answer,accepted,0,0,5467774274305768506
329,load-319,id@435368130738090792,model@2367994276643219537,adapter@stage11-native-byte,policy@stage10-v1,retrieval@11515626570351561670,answer,accepted,0,0,7061153999087436421
330,load-320,id@435369230249719003,model@2367994276643219537,adapter@stage11-native-byte,policy@stage10-v1,retrieval@1667650240516114129,answer,accepted,0,0,10008830558560205684
331,load-321,id@435368130738090792,model@2367994276643219537,adapter@stage11-native-byte,policy@stage10-v1,retrieval@16564363385552389299,answer,accepted,0,0,7440150375733682640
332,load-322,id@435369230249719003,model@2367994276643219537,adapter@stage11-native-byte,policy@stage10-v1,retrieval@3035514266633017972,answer,accepted,0,0,13011586324845492218
333,load-323,id@435368130738090792,model@2367994276643219537,adapter@stage11-native-byte,policy@stage10-v1,retrieval@15743539917446841526,answer,accepted,0,0,10979421718056326070
334,load-324,id@435369230249719003,model@2367994276643219537,adapter@stage11-native-byte,policy@stage10-v1,retrieval@15283580534994575133,answer,accepted,0,0,13626948430098520467
335,load-325,id@435368130738090792,model@2367994276643219537,adapter@stage11-native-byte,policy@stage10-v1,retrieval@14618504786930640929,answer,accepted,0,0,9264969628896849275
336,load-326,id@435369230249719003,model@2367994276643219537,adapter@stage11-native-byte,policy@stage10-v1,retrieval@13266941887970339557,answer,accepted,0,0,12649959344239493280
337,load-327,id@435368130738090792,model@2367994276643219537,adapter@stage11-native-byte,policy@stage10-v1,retrieval@12910621373425713474,answer,accepted,0,0,17957882219577184116
338,load-328,id@435369230249719003,model@2367994276643219537,adapter@stage11-native-byte,policy@stage10-v1,retrieval@7262421523214639785,answer,accepted,0,0,16307871977884326633
339,load-329,id@435368130738090792,model@2367994276643219537,adapter@stage11-native-byte,policy@stage10-v1,retrieval@2357816026744874073,answer,accepted,0,0,13387723401329458708
340,load-330,id@435369230249719003,model@2367994276643219537,adapter@stage11-native-byte,policy@stage10-v1,retrieval@17643958559282501443,answer,accepted,0,0,503380210144621887
341,load-331,id@435368130738090792,model@2367994276643219537,adapter@stage11-native-byte,policy@stage10-v1,retrieval@9089044278519494459,answer,accepted,0,0,1358228517893294541
342,load-332,id@435369230249719003,model@2367994276643219537,adapter@stage11-native-byte,policy@stage10-v1,retrieval@2252566874727468001,answer,accepted,0,0,11643371278535457683
343,load-333,id@435368130738090792,model@2367994276643219537,adapter@stage11-native-byte,policy@stage10-v1,retrieval@4446281453773221974,answer,accepted,0,0,12474182181927079772
344,load-334,id@435369230249719003,model@2367994276643219537,adapter@stage11-native-byte,policy@stage10-v1,retrieval@14345416621311121772,answer,accepted,0,0,8451504230093557431
345,load-335,id@435368130738090792,model@2367994276643219537,adapter@stage11-native-byte,policy@stage10-v1,retrieval@9046436211587997586,answer,accepted,0,0,1233295187798904969
346,load-336,id@435369230249719003,model@2367994276643219537,adapter@stage11-native-byte,policy@stage10-v1,retrieval@176537250514202034,answer,accepted,0,0,11563171155705168797
347,load-337,id@435368130738090792,model@2367994276643219537,adapter@stage11-native-byte,policy@stage10-v1,retrieval@9910173960097017277,answer,accepted,0,0,11567774405426953578
348,load-338,id@435369230249719003,model@2367994276643219537,adapter@stage11-native-byte,policy@stage10-v1,retrieval@14586638927933778999,answer,accepted,0,0,5502059396749481297
349,load-339,id@435368130738090792,model@2367994276643219537,adapter@stage11-native-byte,policy@stage10-v1,retrieval@11176263088151666701,answer,accepted,0,0,1229284140317870822
350,load-340,id@435369230249719003,model@2367994276643219537,adapter@stage11-native-byte,policy@stage10-v1,retrieval@11518969511692310290,answer,accepted,0,0,3677360051882888256
351,load-341,id@435368130738090792,model@2367994276643219537,adapter@stage11-native-byte,policy@stage10-v1,retrieval@1082455709807988355,answer,accepted,0,0,6825236987933478531
352,load-342,id@435369230249719003,model@2367994276643219537,adapter@stage11-native-byte,policy@stage10-v1,retrieval@11730646465374126500,answer,accepted,0,0,4615877885632416410
353,load-343,id@435368130738090792,model@2367994276643219537,adapter@stage11-native-byte,policy@stage10-v1,retrieval@12861253401952830259,answer,accepted,0,0,17783005164084814290
354,load-344,id@435369230249719003,model@2367994276643219537,adapter@stage11-native-byte,policy@stage10-v1,retrieval@10597880350072451777,answer,accepted,0,0,5102641959823006554
355,load-345,id@435368130738090792,model@2367994276643219537,adapter@stage11-native-byte,policy@stage10-v1,retrieval@16137055015434899301,answer,accepted,0,0,15198036093529054656
356,load-346,id@435369230249719003,model@2367994276643219537,adapter@stage11-native-byte,policy@stage10-v1,retrieval@11520924524715335333,answer,accepted,0,0,15988364791243560227
357,load-347,id@435368130738090792,model@2367994276643219537,adapter@stage11-native-byte,policy@stage10-v1,retrieval@6678675215463457689,answer,accepted,0,0,5522379225110659532
358,load-348,id@435369230249719003,model@2367994276643219537,adapter@stage11-native-byte,policy@stage10-v1,retrieval@15338784259451870848,answer,accepted,0,0,11622951128236053933
359,load-349,id@435368130738090792,model@2367994276643219537,adapter@stage11-native-byte,policy@stage10-v1,retrieval@13822283316846820161,answer,accepted,0,0,1040089311888049238
360,load-350,id@435369230249719003,model@2367994276643219537,adapter@stage11-native-byte,policy@stage10-v1,retrieval@11470093550430372963,answer,accepted,0,0,14706558623525224704
361,load-351,id@435368130738090792,model@2367994276643219537,adapter@stage11-native-byte,policy@stage10-v1,retrieval@334482729647613394,answer,accepted,0,0,10925470663818480011
362,load-352,id@435369230249719003,model@2367994276643219537,adapter@stage11-native-byte,policy@stage10-v1,retrieval@11288041465046665438,answer,accepted,0,0,17719911102832059841
363,load-353,id@435368130738090792,model@2367994276643219537,adapter@stage11-native-byte,policy@stage10-v1,retrieval@992205186412442645,answer,accepted,0,0,10127181116220251433
364,load-354,id@435369230249719003,model@2367994276643219537,adapter@stage11-native-byte,policy@stage10-v1,retrieval@6345392506922599628,answer,accepted,0,0,15482988269608567619
365,load-355,id@435368130738090792,model@2367994276643219537,adapter@stage11-native-byte,policy@stage10-v1,retrieval@7401209592373064595,answer,accepted,0,0,6903359819411656256
366,load-356,id@435369230249719003,model@2367994276643219537,adapter@stage11-native-byte,policy@stage10-v1,retrieval@11133411145917313572,answer,accepted,0,0,6103645703969399615
367,load-357,id@435368130738090792,model@2367994276643219537,adapter@stage11-native-byte,policy@stage10-v1,retrieval@1485800887851503538,answer,accepted,0,0,16097848186466567886
368,load-358,id@435369230249719003,model@2367994276643219537,adapter@stage11-native-byte,policy@stage10-v1,retrieval@13359025862202352901,answer,accepted,0,0,2504873263245433317
369,load-359,id@435368130738090792,model@2367994276643219537,adapter@stage11-native-byte,policy@stage10-v1,retrieval@399175837007764731,answer,accepted,0,0,12925736175464846107
370,load-360,id@435369230249719003,model@2367994276643219537,adapter@stage11-native-byte,policy@stage10-v1,retrieval@17963661472034648602,answer,accepted,0,0,13616088009674418654
371,load-361,id@435368130738090792,model@2367994276643219537,adapter@stage11-native-byte,policy@stage10-v1,retrieval@13900333031620350161,answer,accepted,0,0,916581618645270714
372,load-362,id@435369230249719003,model@2367994276643219537,adapter@stage11-native-byte,policy@stage10-v1,retrieval@6843920470559484117,answer,accepted,0,0,2747773336725089056
373,load-363,id@435368130738090792,model@2367994276643219537,adapter@stage11-native-byte,policy@stage10-v1,retrieval@12077971742676962888,answer,accepted,0,0,11053432302821059640
374,load-364,id@435369230249719003,model@2367994276643219537,adapter@stage11-native-byte,policy@stage10-v1,retrieval@3297029388967020403,answer,accepted,0,0,3360229134469797672
375,load-365,id@435368130738090792,model@2367994276643219537,adapter@stage11-native-byte,policy@stage10-v1,retrieval@398256368047569373,answer,accepted,0,0,14084463338060896294
376,load-366,id@435369230249719003,model@2367994276643219537,adapter@stage11-native-byte,policy@stage10-v1,retrieval@12487356402354877750,answer,accepted,0,0,10742705906584757883
377,load-367,id@435368130738090792,model@2367994276643219537,adapter@stage11-native-byte,policy@stage10-v1,retrieval@8323604577036864127,answer,accepted,0,0,355101776658116645
378,load-368,id@435369230249719003,model@2367994276643219537,adapter@stage11-native-byte,policy@stage10-v1,retrieval@124028509648716271,answer,accepted,0,0,11804083981644557480
379,load-369,id@435368130738090792,model@2367994276643219537,adapter@stage11-native-byte,policy@stage10-v1,retrieval@10786039802924746766,answer,accepted,0,0,17768754055220398310
380,load-370,id@435369230249719003,model@2367994276643219537,adapter@stage11-native-byte,policy@stage10-v1,retrieval@15320815720543627269,answer,accepted,0,0,9842217204738415715
381,load-371,id@435368130738090792,model@2367994276643219537,adapter@stage11-native-byte,policy@stage10-v1,retrieval@8419465381107315565,answer,accepted,0,0,3263282486155400550
382,load-372,id@435369230249719003,model@2367994276643219537,adapter@stage11-native-byte,policy@stage10-v1,retrieval@15780086652202298684,answer,accepted,0,0,8770039950648925037
383,load-373,id@435368130738090792,model@2367994276643219537,adapter@stage11-native-byte,policy@stage10-v1,retrieval@12482838492745989652,answer,accepted,0,0,11076112789066137531
384,load-374,id@435369230249719003,model@2367994276643219537,adapter@stage11-native-byte,policy@stage10-v1,retrieval@11146189679918386447,answer,accepted,0,0,14350196098020011153
385,load-375,id@435368130738090792,model@2367994276643219537,adapter@stage11-native-byte,policy@stage10-v1,retrieval@12154620477728296041,answer,accepted,0,0,12222999885663831481
386,load-376,id@435369230249719003,model@2367994276643219537,adapter@stage11-native-byte,policy@stage10-v1,retrieval@16437589336792568475,answer,accepted,0,0,15194153945546235487
387,load-377,id@435368130738090792,model@2367994276643219537,adapter@stage11-native-byte,policy@stage10-v1,retrieval@17222815035562006709,answer,accepted,0,0,8208289712505074399
388,load-378,id@435369230249719003,model@2367994276643219537,adapter@stage11-native-byte,policy@stage10-v1,retrieval@1013043584719508769,answer,accepted,0,0,6583295662673722991
389,load-379,id@435368130738090792,model@2367994276643219537,adapter@stage11-native-byte,policy@stage10-v1,retrieval@14462431286383873353,answer,accepted,0,0,11095850323287038110
390,load-380,id@435369230249719003,model@2367994276643219537,adapter@stage11-native-byte,policy@stage10-v1,retrieval@13656775663503866350,answer,accepted,0,0,8474755747476741170
391,load-381,id@435368130738090792,model@2367994276643219537,adapter@stage11-native-byte,policy@stage10-v1,retrieval@5908400263130392205,answer,accepted,0,0,12905533179601600751
392,load-382,id@435369230249719003,model@2367994276643219537,adapter@stage11-native-byte,policy@stage10-v1,retrieval@6068251740082703021,answer,accepted,0,0,16764510905679952574
393,load-383,id@435368130738090792,model@2367994276643219537,adapter@stage11-native-byte,policy@stage10-v1,retrieval@8238296397464706376,answer,accepted,0,0,17231310094821103529
394,load-384,id@435369230249719003,model@2367994276643219537,adapter@stage11-native-byte,policy@stage10-v1,retrieval@15323046267906106807,answer,accepted,0,0,4917778533048158687
395,load-385,id@435368130738090792,model@2367994276643219537,adapter@stage11-native-byte,policy@stage10-v1,retrieval@9696177156230752885,answer,accepted,0,0,502404466123468691
396,load-386,id@435369230249719003,model@2367994276643219537,adapter@stage11-native-byte,policy@stage10-v1,retrieval@577938821613191267,answer,accepted,0,0,878661950068372627
397,load-387,id@435368130738090792,model@2367994276643219537,adapter@stage11-native-byte,policy@stage10-v1,retrieval@13484620091003053925,answer,accepted,0,0,5200239992618223892
398,load-388,id@435369230249719003,model@2367994276643219537,adapter@stage11-native-byte,policy@stage10-v1,retrieval@6566745112970587968,answer,accepted,0,0,16846419691673227493
399,load-389,id@435368130738090792,model@2367994276643219537,adapter@stage11-native-byte,policy@stage10-v1,retrieval@5074856355199225275,answer,accepted,0,0,5623990992633668345
400,load-390,id@435369230249719003,model@2367994276643219537,adapter@stage11-native-byte,policy@stage10-v1,retrieval@10922599880194320039,answer,accepted,0,0,404376179624197326
401,load-391,id@435368130738090792,model@2367994276643219537,adapter@stage11-native-byte,policy@stage10-v1,retrieval@17301097640112001366,answer,accepted,0,0,16006515928349623550
402,load-392,id@435369230249719003,model@2367994276643219537,adapter@stage11-native-byte,policy@stage10-v1,retrieval@4158333998284661418,answer,accepted,0,0,16590803996292812711
403,load-393,id@435368130738090792,model@2367994276643219537,adapter@stage11-native-byte,policy@stage10-v1,retrieval@3973454430353059288,answer,accepted,0,0,6617107953313499991
404,load-394,id@435369230249719003,model@2367994276643219537,adapter@stage11-native-byte,policy@stage10-v1,retrieval@1093774972501867307,answer,accepted,0,0,3712424061824464661
405,load-395,id@435368130738090792,model@2367994276643219537,adapter@stage11-native-byte,policy@stage10-v1,retrieval@1608089126133201106,answer,accepted,0,0,3941983896429780262
406,load-396,id@435369230249719003,model@2367994276643219537,adapter@stage11-native-byte,policy@stage10-v1,retrieval@9486518298522989180,answer,accepted,0,0,3234802363512848318
407,load-397,id@435368130738090792,model@2367994276643219537,adapter@stage11-native-byte,policy@stage10-v1,retrieval@12406328173772637411,answer,accepted,0,0,12914915715130602254
408,load-398,id@435369230249719003,model@2367994276643219537,adapter@stage11-native-byte,policy@stage10-v1,retrieval@6015313962512236938,answer,accepted,0,0,10894083029079353402
409,load-399,id@435368130738090792,model@2367994276643219537,adapter@stage11-native-byte,policy@stage10-v1,retrieval@6002073613464160984,answer,accepted,0,0,3534310110784438734
410,load-400,id@435369230249719003,model@2367994276643219537,adapter@stage11-native-byte,policy@stage10-v1,retrieval@9159828373080504955,answer,accepted,0,0,9033887149534351978
411,load-401,id@435368130738090792,model@2367994276643219537,adapter@stage11-native-byte,policy@stage10-v1,retrieval@14322649869758049754,answer,accepted,0,0,3465766169237115292
412,load-402,id@435369230249719003,model@2367994276643219537,adapter@stage11-native-byte,policy@stage10-v1,retrieval@16946486801318405704,answer,accepted,0,0,11673619060684386068
413,load-403,id@435368130738090792,model@2367994276643219537,adapter@stage11-native-byte,policy@stage10-v1,retrieval@11483354855289903146,answer,accepted,0,0,3265808230164461862
414,load-404,id@435369230249719003,model@2367994276643219537,adapter@stage11-native-byte,policy@stage10-v1,retrieval@4631084971417639348,answer,accepted,0,0,2557682027123806664
415,load-405,id@435368130738090792,model@2367994276643219537,adapter@stage11-native-byte,policy@stage10-v1,retrieval@1564067746098320989,answer,accepted,0,0,17255858346098074431
416,load-406,id@435369230249719003,model@2367994276643219537,adapter@stage11-native-byte,policy@stage10-v1,retrieval@9650629912434077453,answer,accepted,0,0,15933254974006553413
417,load-407,id@435368130738090792,model@2367994276643219537,adapter@stage11-native-byte,policy@stage10-v1,retrieval@4147343131457917320,answer,accepted,0,0,11924395756607402226
418,load-408,id@435369230249719003,model@2367994276643219537,adapter@stage11-native-byte,policy@stage10-v1,retrieval@13663047678606657012,answer,accepted,0,0,7705704989685408289
419,load-409,id@435368130738090792,model@2367994276643219537,adapter@stage11-native-byte,policy@stage10-v1,retrieval@5576541016220486295,answer,accepted,0,0,1338261115793317801
420,load-410,id@435369230249719003,model@2367994276643219537,adapter@stage11-native-byte,policy@stage10-v1,retrieval@9631535579371658005,answer,accepted,0,0,15624164222067425856
421,load-411,id@435368130738090792,model@2367994276643219537,adapter@stage11-native-byte,policy@stage10-v1,retrieval@9061979752438330067,answer,accepted,0,0,13480282435314768948
422,load-412,id@435369230249719003,model@2367994276643219537,adapter@stage11-native-byte,policy@stage10-v1,retrieval@5247686573653420668,answer,accepted,0,0,17844453527569894794
423,load-413,id@435368130738090792,model@2367994276643219537,adapter@stage11-native-byte,policy@stage10-v1,retrieval@17998449728427221928,answer,accepted,0,0,18046160243141579464
424,load-414,id@435369230249719003,model@2367994276643219537,adapter@stage11-native-byte,policy@stage10-v1,retrieval@9422398109990973989,answer,accepted,0,0,3632937928616165239
425,load-415,id@435368130738090792,model@2367994276643219537,adapter@stage11-native-byte,policy@stage10-v1,retrieval@10569265877554990133,answer,accepted,0,0,571295399580789484
426,load-416,id@435369230249719003,model@2367994276643219537,adapter@stage11-native-byte,policy@stage10-v1,retrieval@14091837434820764000,answer,accepted,0,0,12165402590378030128
427,load-417,id@435368130738090792,model@2367994276643219537,adapter@stage11-native-byte,policy@stage10-v1,retrieval@7214997290070851127,answer,accepted,0,0,2954356696693357603
428,load-418,id@435369230249719003,model@2367994276643219537,adapter@stage11-native-byte,policy@stage10-v1,retrieval@12504558872369733149,answer,accepted,0,0,16744532697449684747
429,load-419,id@435368130738090792,model@2367994276643219537,adapter@stage11-native-byte,policy@stage10-v1,retrieval@15516821772687878782,answer,accepted,0,0,3634043791027927743
430,load-420,id@435369230249719003,model@2367994276643219537,adapter@stage11-native-byte,policy@stage10-v1,retrieval@18185986760611911220,answer,accepted,0,0,2343423466899472835
431,load-421,id@435368130738090792,model@2367994276643219537,adapter@stage11-native-byte,policy@stage10-v1,retrieval@12094301705125432119,answer,accepted,0,0,3815495287305780285
432,load-422,id@435369230249719003,model@2367994276643219537,adapter@stage11-native-byte,policy@stage10-v1,retrieval@10067523846774888955,answer,accepted,0,0,15949150347963383771
433,load-423,id@435368130738090792,model@2367994276643219537,adapter@stage11-native-byte,policy@stage10-v1,retrieval@14666392957698884794,answer,accepted,0,0,13695896332870779771
434,load-424,id@435369230249719003,model@2367994276643219537,adapter@stage11-native-byte,policy@stage10-v1,retrieval@5472338069309364885,answer,accepted,0,0,7321631180926745025
435,load-425,id@435368130738090792,model@2367994276643219537,adapter@stage11-native-byte,policy@stage10-v1,retrieval@1174856490854984006,answer,accepted,0,0,9067228394804041714
436,load-426,id@435369230249719003,model@2367994276643219537,adapter@stage11-native-byte,policy@stage10-v1,retrieval@18414091296375298920,answer,accepted,0,0,15964260853214246626
437,load-427,id@435368130738090792,model@2367994276643219537,adapter@stage11-native-byte,policy@stage10-v1,retrieval@9516904609973800195,answer,accepted,0,0,8858552425498926908
438,load-428,id@435369230249719003,model@2367994276643219537,adapter@stage11-native-byte,policy@stage10-v1,retrieval@8516020195397181180,answer,accepted,0,0,3670318423083198532
439,load-429,id@435368130738090792,model@2367994276643219537,adapter@stage11-native-byte,policy@stage10-v1,retrieval@16322765153195771375,answer,accepted,0,0,1082826917853970500
440,load-430,id@435369230249719003,model@2367994276643219537,adapter@stage11-native-byte,policy@stage10-v1,retrieval@2814036784168097869,answer,accepted,0,0,4620723995915571505
441,load-431,id@435368130738090792,model@2367994276643219537,adapter@stage11-native-byte,policy@stage10-v1,retrieval@12573903829426822835,answer,accepted,0,0,17646507100366856013
442,load-432,id@435369230249719003,model@2367994276643219537,adapter@stage11-native-byte,policy@stage10-v1,retrieval@851341218595606431,answer,accepted,0,0,2023110648632974966
443,load-433,id@435368130738090792,model@2367994276643219537,adapter@stage11-native-byte,policy@stage10-v1,retrieval@1288914803269815775,answer,accepted,0,0,10899273477755446553
444,load-434,id@435369230249719003,model@2367994276643219537,adapter@stage11-native-byte,policy@stage10-v1,retrieval@7278828087334253033,answer,accepted,0,0,1457678410493505640
445,load-435,id@435368130738090792,model@2367994276643219537,adapter@stage11-native-byte,policy@stage10-v1,retrieval@7049663327722213314,answer,accepted,0,0,9047712286440328252
446,load-436,id@435369230249719003,model@2367994276643219537,adapter@stage11-native-byte,policy@stage10-v1,retrieval@8777924984185542816,answer,accepted,0,0,12885000140926180044
447,load-437,id@435368130738090792,model@2367994276643219537,adapter@stage11-native-byte,policy@stage10-v1,retrieval@10356545665372250195,answer,accepted,0,0,1633732259383975628
448,load-438,id@435369230249719003,model@2367994276643219537,adapter@stage11-native-byte,policy@stage10-v1,retrieval@15977587233336882171,answer,accepted,0,0,18055979674754080868
449,load-439,id@435368130738090792,model@2367994276643219537,adapter@stage11-native-byte,policy@stage10-v1,retrieval@17331185544539236711,answer,accepted,0,0,6390594651565793251
450,load-440,id@435369230249719003,model@2367994276643219537,adapter@stage11-native-byte,policy@stage10-v1,retrieval@17451730030893895492,answer,accepted,0,0,17372469437295242046
451,load-441,id@435368130738090792,model@2367994276643219537,adapter@stage11-native-byte,policy@stage10-v1,retrieval@3414550320796703989,answer,accepted,0,0,3772967295698483790
452,load-442,id@435369230249719003,model@2367994276643219537,adapter@stage11-native-byte,policy@stage10-v1,retrieval@9175855567831223847,answer,accepted,0,0,10913964508227805799
453,load-443,id@435368130738090792,model@2367994276643219537,adapter@stage11-native-byte,policy@stage10-v1,retrieval@17028181491570703269,answer,accepted,0,0,3745535439090075463
454,load-444,id@435369230249719003,model@2367994276643219537,adapter@stage11-native-byte,policy@stage10-v1,retrieval@15801242046694833798,answer,accepted,0,0,8043313936052179522
455,load-445,id@435368130738090792,model@2367994276643219537,adapter@stage11-native-byte,policy@stage10-v1,retrieval@669850447488401958,answer,accepted,0,0,2342689983177469005
456,load-446,id@435369230249719003,model@2367994276643219537,adapter@stage11-native-byte,policy@stage10-v1,retrieval@14646793334167684087,answer,accepted,0,0,384827449472462141
457,load-447,id@435368130738090792,model@2367994276643219537,adapter@stage11-native-byte,policy@stage10-v1,retrieval@2371891303262246556,answer,accepted,0,0,4732323597007227012
458,load-448,id@435369230249719003,model@2367994276643219537,adapter@stage11-native-byte,policy@stage10-v1,retrieval@15670631105998733766,answer,accepted,0,0,7448388142390962394
459,load-449,id@435368130738090792,model@2367994276643219537,adapter@stage11-native-byte,policy@stage10-v1,retrieval@16376199879632718700,answer,accepted,0,0,4303570041069871132
460,load-450,id@435369230249719003,model@2367994276643219537,adapter@stage11-native-byte,policy@stage10-v1,retrieval@2273711453132738236,answer,accepted,0,0,5161727191476944340
461,load-451,id@435368130738090792,model@2367994276643219537,adapter@stage11-native-byte,policy@stage10-v1,retrieval@2802069433569241335,answer,accepted,0,0,3993690602033016254
462,load-452,id@435369230249719003,model@2367994276643219537,adapter@stage11-native-byte,policy@stage10-v1,retrieval@11165577122416245940,answer,accepted,0,0,13233867329220955982
463,load-453,id@435368130738090792,model@2367994276643219537,adapter@stage11-native-byte,policy@stage10-v1,retrieval@15601069879304476995,answer,accepted,0,0,1442676585344363791
464,load-454,id@435369230249719003,model@2367994276643219537,adapter@stage11-native-byte,policy@stage10-v1,retrieval@12837307334130776976,answer,accepted,0,0,8597254737460485896
465,load-455,id@435368130738090792,model@2367994276643219537,adapter@stage11-native-byte,policy@stage10-v1,retrieval@5486435723090203283,answer,accepted,0,0,16162167294465359983
466,load-456,id@435369230249719003,model@2367994276643219537,adapter@stage11-native-byte,policy@stage10-v1,retrieval@14114029687472462388,answer,accepted,0,0,14405315764630457577
467,load-457,id@435368130738090792,model@2367994276643219537,adapter@stage11-native-byte,policy@stage10-v1,retrieval@10569620560373175074,answer,accepted,0,0,11025264200000507927
468,load-458,id@435369230249719003,model@2367994276643219537,adapter@stage11-native-byte,policy@stage10-v1,retrieval@8150107937413751116,answer,accepted,0,0,15671739847546763851
469,load-459,id@435368130738090792,model@2367994276643219537,adapter@stage11-native-byte,policy@stage10-v1,retrieval@13084226894238264875,answer,accepted,0,0,607443790213292390
470,load-460,id@435369230249719003,model@2367994276643219537,adapter@stage11-native-byte,policy@stage10-v1,retrieval@6955460596047151727,answer,accepted,0,0,16251624533857911173
471,load-461,id@435368130738090792,model@2367994276643219537,adapter@stage11-native-byte,policy@stage10-v1,retrieval@2174846087216944855,answer,accepted,0,0,4898380683906881302
472,load-462,id@435369230249719003,model@2367994276643219537,adapter@stage11-native-byte,policy@stage10-v1,retrieval@8383516786255534736,answer,accepted,0,0,11491988332013389496
473,load-463,id@435368130738090792,model@2367994276643219537,adapter@stage11-native-byte,policy@stage10-v1,retrieval@385892635527985055,answer,accepted,0,0,13831089266996476611
474,load-464,id@435369230249719003,model@2367994276643219537,adapter@stage11-native-byte,policy@stage10-v1,retrieval@10766217428565475510,answer,accepted,0,0,2461950600161962776
475,load-465,id@435368130738090792,model@2367994276643219537,adapter@stage11-native-byte,policy@stage10-v1,retrieval@5734691101966692015,answer,accepted,0,0,6805721679618229150
476,load-466,id@435369230249719003,model@2367994276643219537,adapter@stage11-native-byte,policy@stage10-v1,retrieval@9959900905472485081,answer,accepted,0,0,10889135018262190282
477,load-467,id@435368130738090792,model@2367994276643219537,adapter@stage11-native-byte,policy@stage10-v1,retrieval@5366605633285962594,answer,accepted,0,0,17881784350253937140
478,load-468,id@435369230249719003,model@2367994276643219537,adapter@stage11-native-byte,policy@stage10-v1,retrieval@8972524723390936329,answer,accepted,0,0,17911146046232243283
479,load-469,id@435368130738090792,model@2367994276643219537,adapter@stage11-native-byte,policy@stage10-v1,retrieval@14555712626216901169,answer,accepted,0,0,8608102308902021389
480,load-470,id@435369230249719003,model@2367994276643219537,adapter@stage11-native-byte,policy@stage10-v1,retrieval@14248060710085323793,answer,accepted,0,0,12342596625639386341
481,load-471,id@435368130738090792,model@2367994276643219537,adapter@stage11-native-byte,policy@stage10-v1,retrieval@2363973871473798685,answer,accepted,0,0,14395631140737973439
482,load-472,id@435369230249719003,model@2367994276643219537,adapter@stage11-native-byte,policy@stage10-v1,retrieval@11140535382923539466,answer,accepted,0,0,17892371729569909674
483,load-473,id@435368130738090792,model@2367994276643219537,adapter@stage11-native-byte,policy@stage10-v1,retrieval@6662263511127100461,answer,accepted,0,0,118808588735044717
484,load-474,id@435369230249719003,model@2367994276643219537,adapter@stage11-native-byte,policy@stage10-v1,retrieval@1242931144876945294,answer,accepted,0,0,837161598448162356
485,load-475,id@435368130738090792,model@2367994276643219537,adapter@stage11-native-byte,policy@stage10-v1,retrieval@15018952191669242245,answer,accepted,0,0,6270176853501054693
486,load-476,id@435369230249719003,model@2367994276643219537,adapter@stage11-native-byte,policy@stage10-v1,retrieval@9447763755616852318,answer,accepted,0,0,2205022245891377855
487,load-477,id@435368130738090792,model@2367994276643219537,adapter@stage11-native-byte,policy@stage10-v1,retrieval@8694412226036165924,answer,accepted,0,0,13958808644332256316
488,load-478,id@435369230249719003,model@2367994276643219537,adapter@stage11-native-byte,policy@stage10-v1,retrieval@8969703261297524544,answer,accepted,0,0,16955284389721806899
489,load-479,id@435368130738090792,model@2367994276643219537,adapter@stage11-native-byte,policy@stage10-v1,retrieval@5034893992021509182,answer,accepted,0,0,4134306536913032140
490,load-480,id@435369230249719003,model@2367994276643219537,adapter@stage11-native-byte,policy@stage10-v1,retrieval@14358872498646489568,answer,accepted,0,0,17355708649192185654
491,load-481,id@435368130738090792,model@2367994276643219537,adapter@stage11-native-byte,policy@stage10-v1,retrieval@375822933771810383,answer,accepted,0,0,3244742405394240266
492,load-482,id@435369230249719003,model@2367994276643219537,adapter@stage11-native-byte,policy@stage10-v1,retrieval@10680381617159423589,answer,accepted,0,0,1234001872791404425
493,load-483,id@435368130738090792,model@2367994276643219537,adapter@stage11-native-byte,policy@stage10-v1,retrieval@12951670078168258192,answer,accepted,0,0,115083368031429435
494,load-484,id@435369230249719003,model@2367994276643219537,adapter@stage11-native-byte,policy@stage10-v1,retrieval@6022048770984788429,answer,accepted,0,0,12670182296122109898
495,load-485,id@435368130738090792,model@2367994276643219537,adapter@stage11-native-byte,policy@stage10-v1,retrieval@9238040921794653441,answer,accepted,0,0,7339837782554262732
496,load-486,id@435369230249719003,model@2367994276643219537,adapter@stage11-native-byte,policy@stage10-v1,retrieval@1551202585033122102,answer,accepted,0,0,2501775636552889046
497,load-487,id@435368130738090792,model@2367994276643219537,adapter@stage11-native-byte,policy@stage10-v1,retrieval@17693035586393154513,answer,accepted,0,0,11739369454133392957
498,load-488,id@435369230249719003,model@2367994276643219537,adapter@stage11-native-byte,policy@stage10-v1,retrieval@14833690955329229678,answer,accepted,0,0,14057844347719092353
499,load-489,id@435368130738090792,model@2367994276643219537,adapter@stage11-native-byte,policy@stage10-v1,retrieval@17629411012323329665,answer,accepted,0,0,6329617354051463153
500,load-490,id@435369230249719003,model@2367994276643219537,adapter@stage11-native-byte,policy@stage10-v1,retrieval@12519557632063649161,answer,accepted,0,0,10991267640017036312
501,load-491,id@435368130738090792,model@2367994276643219537,adapter@stage11-native-byte,policy@stage10-v1,retrieval@15646476412949000863,answer,accepted,0,0,16293991282092575721
502,load-492,id@435369230249719003,model@2367994276643219537,adapter@stage11-native-byte,policy@stage10-v1,retrieval@10657997445941250426,answer,accepted,0,0,532337799751612384
503,load-493,id@435368130738090792,model@2367994276643219537,adapter@stage11-native-byte,policy@stage10-v1,retrieval@1674657829544237656,answer,accepted,0,0,8017649861412489814
504,load-494,id@435369230249719003,model@2367994276643219537,adapter@stage11-native-byte,policy@stage10-v1,retrieval@10426048599228563182,answer,accepted,0,0,5382406040123442618
505,load-495,id@435368130738090792,model@2367994276643219537,adapter@stage11-native-byte,policy@stage10-v1,retrieval@3962625585673067377,answer,accepted,0,0,14333432094892097263
506,load-496,id@435369230249719003,model@2367994276643219537,adapter@stage11-native-byte,policy@stage10-v1,retrieval@15347019858553202799,answer,accepted,0,0,4247196376202387246
507,load-497,id@435368130738090792,model@2367994276643219537,adapter@stage11-native-byte,policy@stage10-v1,retrieval@16765660518284315730,answer,accepted,0,0,6165768011392528000
508,load-498,id@435369230249719003,model@2367994276643219537,adapter@stage11-native-byte,policy@stage10-v1,retrieval@7976525880494776568,answer,accepted,0,0,6898281844821226510
509,load-499,id@435368130738090792,model@2367994276643219537,adapter@stage11-native-byte,policy@stage10-v1,retrieval@4945321469174572173,answer,accepted,0,0,14941992549643942631
510,load-500,id@435369230249719003,model@2367994276643219537,adapter@stage11-native-byte,policy@stage10-v1,retrieval@6791805844913758952,answer,accepted,0,0,9299269332666980124
511,load-501,id@435368130738090792,model@2367994276643219537,adapter@stage11-native-byte,policy@stage10-v1,retrieval@6792429054622609755,answer,accepted,0,0,12826018914956478499
512,load-502,id@435369230249719003,model@2367994276643219537,adapter@stage11-native-byte,policy@stage10-v1,retrieval@1016875636656571823,answer,accepted,0,0,14026919904528869359
513,load-503,id@435368130738090792,model@2367994276643219537,adapter@stage11-native-byte,policy@stage10-v1,retrieval@14848614451112525920,answer,accepted,0,0,3185567391094007911
514,load-504,id@435369230249719003,model@2367994276643219537,adapter@stage11-native-byte,policy@stage10-v1,retrieval@10687659151443182581,answer,accepted,0,0,1393412263293528794
515,load-505,id@435368130738090792,model@2367994276643219537,adapter@stage11-native-byte,policy@stage10-v1,retrieval@13210606805893638309,answer,accepted,0,0,15043252210035740398
516,load-506,id@435369230249719003,model@2367994276643219537,adapter@stage11-native-byte,policy@stage10-v1,retrieval@267759034192687109,answer,accepted,0,0,16185569522829599042
517,load-507,id@435368130738090792,model@2367994276643219537,adapter@stage11-native-byte,policy@stage10-v1,retrieval@7713482444911672794,answer,accepted,0,0,1523990849073042330
518,load-508,id@435369230249719003,model@2367994276643219537,adapter@stage11-native-byte,policy@stage10-v1,retrieval@7297012598484169962,answer,accepted,0,0,12705231393932754395
519,load-509,id@435368130738090792,model@2367994276643219537,adapter@stage11-native-byte,policy@stage10-v1,retrieval@15077523342288485055,answer,accepted,0,0,1021953262975389980
520,load-510,id@435369230249719003,model@2367994276643219537,adapter@stage11-native-byte,policy@stage10-v1,retrieval@17096294665951405312,answer,accepted,0,0,9717379613541801331
521,load-511,id@435368130738090792,model@2367994276643219537,adapter@stage11-native-byte,policy@stage10-v1,retrieval@2023882678588721839,answer,accepted,0,0,6719422408914355727
522,policy-down,id@435369230249719003,model@2367994276643219537,adapter@stage11-native-byte,policy@stage10-v1,,abstain,dependency_fail_closed,0,0,1250174685682582781
523,retrieval-down,id@435369230249719003,model@2367994276643219537,adapter@stage11-native-byte,policy@stage10-v1,,abstain,dependency_fail_closed,0,0,13475364592227406909
524,tool-down,id@435369230249719003,model@2367994276643219537,adapter@stage11-native-byte,policy@stage10-v1,,abstain,dependency_fail_closed,0,0,5105380456338612228
525,fault-model,id@435369230249719003,model@2367994276643219537,adapter@stage11-native-byte,policy@stage10-v1,,abstain,dependency_fail_closed,0,0,7984934512839278556
526,fault-queue,id@435369230249719003,model@2367994276643219537,adapter@stage11-native-byte,policy@stage10-v1,,abstain,backpressure,0,0,12771084837397902323
527,fault-cert,id@435369230249719003,model@2367994276643219537,adapter@stage11-native-byte,policy@stage10-v1,,abstain,authz_denied,0,0,7304799048435048432
528,system@528,id@6013457538055504221,model@stage12-shadow-candidate,adapter@stage11-native-byte,policy@stage10-v1,,bundle_install,accepted,0,0,4994359797215698786
529,system@529,id@6013457538055504221,model@2367994276643219537,adapter@stage11-native-byte,policy@stage10-v1,,rollback,model@2367994276643219537,0,0,4193803411691815566
530,shadow-1,id@435369230249719003,model@2367994276643219537,adapter@stage11-native-byte,policy@stage10-v1,retrieval@1718977322309372962,answer,accepted,0,0,5494784644996521006
531,shadow-1,id@435369230249719003,model@2367994276643219537,adapter@stage11-native-byte,policy@stage10-v1,nexuss@4357364205472388412,answer,shadow_compared,1,0,4459652518566972689
532,security-injection,id@435369230249719003,model@2367994276643219537,adapter@stage11-native-byte,policy@stage10-v1,retrieval@7692402205162645594,abstain,accepted,0,0,18185334993316952032
533,security-action,id@435369230249719003,model@2367994276643219537,adapter@stage11-native-byte,policy@stage10-v1,,abstain,authz_denied,0,0,12379788818718671550
534,security-payment,id@435369230249719003,model@2367994276643219537,adapter@stage11-native-byte,policy@stage10-v1,retrieval@3973073945705239636,abstain,accepted,0,0,8744401677992013371
535,capacity-shed,id@435369230249719003,model@2367994276643219537,adapter@stage11-native-byte,policy@stage10-v1,,abstain,backpressure,0,0,14472789236713354980
536,negative-action,id@435369230249719003,model@2367994276643219537,adapter@stage11-native-byte,policy@stage10-v1,,abstain,authz_denied,0,0,12145747266791098675
537,negative-cross,id@435369230249719003,model@2367994276643219537,adapter@stage11-native-byte,policy@stage10-v1,,abstain,authz_denied,0,0,18071898508409484896
